document_id,period,title,source_url,embedded_chunk_count
4795,경종실록,경종실록: 숙종 대왕이 경덕궁 융복전에서 승하하다,https://sillok.history.go.kr/id/kta_10006008_001,1
5456,경종실록,경종실록: 상복을 입다,https://sillok.history.go.kr/id/kta_10006013_001,1
4791,경종실록,경종실록: 복제 절목과 백관 복제 별단,https://sillok.history.go.kr/id/kta_10006013_002,1
5469,경종실록,경종실록: 예조에서 입계한 사위 절목 단자를 받아들이다,https://sillok.history.go.kr/id/kta_10006013_003,1
5473,경종실록,경종실록: 경덕궁에서 즉위하다,https://sillok.history.go.kr/id/kta_10006013_004,1
5446,경종실록,경종실록: 즉위하여 반포한 교서,https://sillok.history.go.kr/id/kta_10006013_005,1
5468,경종실록,경종실록: 공제 전에는 모든 공사를 출납하지 말도록 하다,https://sillok.history.go.kr/id/kta_10006013_006,1
5464,경종실록,경종실록: 숙종의 병에 약을 제대로 쓰지 않은 의관의 죄를 다스리게 하다,https://sillok.history.go.kr/id/kta_10006013_007,1
5453,경종실록,경종실록: 이이명·이조·박성로 등에게 관직을 제수하다,https://sillok.history.go.kr/id/kta_10006013_008,1
5462,경종실록,경종실록: 총호사가 자신의 릉을 인조의 릉에 따르라고 한 숙종의 유교를 아뢰다,https://sillok.history.go.kr/id/kta_10006013_009,1
5452,경종실록,경종실록: 유명웅·조성복·서종섭 등에게 관직을 제수하다,https://sillok.history.go.kr/id/kta_10006014_001,1
5465,경종실록,경종실록: 이이명을 체직시키고 김창집으로 내의원 도제조를 대신하게 하다,https://sillok.history.go.kr/id/kta_10006015_001,1
5451,경종실록,경종실록: 대행 대왕의 시호를 올리다,https://sillok.history.go.kr/id/kta_10006015_002,1
5463,경종실록,경종실록: 왕대비가 대상 때 비용으로 쓰도록 내탕고의 은을 도감에 내리다,https://sillok.history.go.kr/id/kta_10006015_003,1
5455,경종실록,경종실록: 김상원·조태구 등에게 관직을 제수하다,https://sillok.history.go.kr/id/kta_10006017_001,1
5447,경종실록,경종실록: 상장을 짚는 것과 곡림에 대해 의논하다,https://sillok.history.go.kr/id/kta_10006017_002,1
4787,경종실록,경종실록: 빈전을 선정전으로 옮기지 말게 하다,https://sillok.history.go.kr/id/kta_10006017_003,1
4785,경종실록,경종실록: 지평 홍현보가 능침에 육선을 올릴 것·은전하는 날 파산관 관학생이 외반에서 망곡하게 할 것을 청하다,https://sillok.history.go.kr/id/kta_10006017_004,1
5478,경종실록,경종실록: 이재를 예조 참판으로 삼다,https://sillok.history.go.kr/id/kta_10006018_001,1
4788,경종실록,경종실록: 산릉 총호사 이건명이 능의 외향을 숭릉의 준례에 의거할 것·왕비의 신위와 상탁을 가정자각에 옮겨 모실 것을 청하다,https://sillok.history.go.kr/id/kta_10006018_002,1
4786,경종실록,경종실록: 장녕전에 있는 숙종의 어진을 벽상에 펴서 봉안하게 하다,https://sillok.history.go.kr/id/kta_10006021_001,1
5477,경종실록,경종실록: 김연을 예조 참판으로 삼다,https://sillok.history.go.kr/id/kta_10006022_001,1
5460,경종실록,경종실록: 집의 조성복이 숙종의 운명 때 입시하지 않은 원주 목사 심정보 등을 탄핵하다,https://sillok.history.go.kr/id/kta_10006023_001,1
5457,경종실록,경종실록: 헌부에서 전일의 계사를 거듭 아뢰다,https://sillok.history.go.kr/id/kta_10006024_001,1
5470,경종실록,경종실록: 헌부에서 전일의 계사를 거듭 아뢰다,https://sillok.history.go.kr/id/kta_10006025_001,1
5466,경종실록,경종실록: 좌의정 이건명이 능에 의대와 서책을 넣지 말 것을 청하다,https://sillok.history.go.kr/id/kta_10006026_001,1
5479,경종실록,경종실록: 안개 기운이 있다,https://sillok.history.go.kr/id/kta_10006029_001,1
5450,경종실록,경종실록: 충훈부에서 진향을 하도록 허락하다,https://sillok.history.go.kr/id/kta_10006029_002,1
5474,경종실록,경종실록: 유성이 나타나다,https://sillok.history.go.kr/id/kta_10006030_001,1
5475,경종실록,경종실록: 헌부에서 전일의 계사를 거듭 아뢰다,https://sillok.history.go.kr/id/kta_10006030_002,1
5448,경종실록,경종실록: 죄수들이 옥문을 깨고 도망하게 한 옥관과 순라장을 국문하게 하다,https://sillok.history.go.kr/id/kta_10006030_003,1
5480,경종실록,경종실록: 일식이 있다,https://sillok.history.go.kr/id/kta_10007001_001,1
5458,경종실록,경종실록: 친히 삭전을 거행하다,https://sillok.history.go.kr/id/kta_10007001_002,1
4792,경종실록,경종실록: 헌부에서 형조 판서 유집일의 관직을 삭탈할 것·종친부가 각도에 청한 별진향을 정지할 것을 아뢰다,https://sillok.history.go.kr/id/kta_10007002_001,1
4793,경종실록,경종실록: 판부사 이이명이 지문의 찬진을 다른 사람에게 맡겨 줄 것 등을 청하다,https://sillok.history.go.kr/id/kta_10007002_002,1
5472,경종실록,경종실록: 공제(公除)가 끝나다,https://sillok.history.go.kr/id/kta_10007004_001,1
5471,경종실록,경종실록: 공제가 지나 원상을 파출하다,https://sillok.history.go.kr/id/kta_10007004_002,1
5461,경종실록,경종실록: 예조에서 태묘의 의궤를 상고하여 숙종의 묘호와 시호의 사용에 대해 아뢰다,https://sillok.history.go.kr/id/kta_10007004_003,1
4794,경종실록,경종실록: 송상기·이교악·조영세 등에게 관직을 제수하다,https://sillok.history.go.kr/id/kta_10007005_001,1
4784,경종실록,경종실록: 나라의 기강을 바로 잡고 군제를 개혁할 것 등에 관한 지평 홍현보의 상소,https://sillok.history.go.kr/id/kta_10007005_002,1
4782,경종실록,경종실록: 좨주 이희조가 자신이 편찬한 《동현주의》를 강론할 것을 청하다,https://sillok.history.go.kr/id/kta_10007005_003,1
4783,경종실록,경종실록: 사신 송상기를 체차하고 지석의 덮개에 묘호만을 써 자획을 크게 하게 하다,https://sillok.history.go.kr/id/kta_10007006_001,1
5454,경종실록,경종실록: 김운택·박필정 등에게 관직을 제수하다,https://sillok.history.go.kr/id/kta_10007007_001,1
5467,경종실록,경종실록: 헌부에서 전일의 계사를 거듭 아뢰니 유집일을 파직시키다,https://sillok.history.go.kr/id/kta_10007007_002,1
5476,경종실록,경종실록: 이의현을 동지 정사로 삼다,https://sillok.history.go.kr/id/kta_10007008_001,1
5449,경종실록,경종실록: 판중추부사 이이명이 상복의 의절에 대해 건의하다,https://sillok.history.go.kr/id/kta_10007008_002,1
4789,경종실록,경종실록: 기제와 묘제의 존폐에 대한 영의정 김창집의 의견,https://sillok.history.go.kr/id/kta_10007008_003,1
4790,경종실록,경종실록: 홍문관에서 진강에 적합한 편목을 유신으로 하여금 상의하여 초출하게 할 것을 청하다,https://sillok.history.go.kr/id/kta_10007008_004,1
5459,경종실록,경종실록: 다른 사람으로 바꾸지 말고 판부사 이이명으로 하여금 지문을 찬술하게 하다,https://sillok.history.go.kr/id/kta_10007008_005,1
4796,경종실록,경종실록: 홍치중·송성명·이광좌 등에게 관직을 제수하다,https://sillok.history.go.kr/id/kta_10007011_001,1
4809,고종실록,고종실록: 철종 대왕이 승하하다,https://sillok.history.go.kr/id/kza_10012008_001,1
4801,고종실록,고종실록: 대왕대비가 국상 중에 정사를 대리할 사람을 정하였고 철종의 뒤를 흥선군의 두 번째 아들로 정하다,https://sillok.history.go.kr/id/kza_10012008_002,1
5485,고종실록,고종실록: 대왕대비가 봉영 대신과 봉영 승지를 정하다,https://sillok.history.go.kr/id/kza_10012008_003,1
5489,고종실록,고종실록: 대신들이 왕통을 정한 것을 축하드리고 수렴청정의 안을 아뢰다,https://sillok.history.go.kr/id/kza_10012008_005,1
5504,고종실록,고종실록: 종척 집사를 임명하다,https://sillok.history.go.kr/id/kza_10012008_006,1
5502,고종실록,고종실록: 김좌근을 총호사에 임명하다,https://sillok.history.go.kr/id/kza_10012008_007,1
5493,고종실록,"고종실록: 빈전 도감과 국장 도감, 산릉 도감의 관리를 임명하다",https://sillok.history.go.kr/id/kza_10012008_008,1
5497,고종실록,고종실록: 대왕대비가 빈전을 환경전으로 정할 것을 명하다,https://sillok.history.go.kr/id/kza_10012008_009,1
4803,고종실록,"고종실록: 예조에서 등극하는 절차와 날짜, 그리고 왕비 등에게 올릴 존호 절차를 아뢰다",https://sillok.history.go.kr/id/kza_10012008_010,1
5501,고종실록,"고종실록: 수릉관과 시릉관, 대전관을 임명하다",https://sillok.history.go.kr/id/kza_10012008_011,1
5495,고종실록,고종실록: 대왕대비가 존호 도감은 시일을 더 기다리라고 명하다,https://sillok.history.go.kr/id/kza_10012008_012,1
5490,고종실록,고종실록: 대왕대비가 수렴과 등극 후의 진하는 권정례로 하라고 명하다,https://sillok.history.go.kr/id/kza_10012008_014,1
5500,고종실록,고종실록: 혼전을 선정전에 차릴 것이라고 하다,https://sillok.history.go.kr/id/kza_10012009_001,1
5486,고종실록,고종실록: 흥선 대원군과 여흥 부대부인의 임명장이 내리다,https://sillok.history.go.kr/id/kza_10012009_002,1
5492,고종실록,고종실록: 대왕대비가 염하는 의식 등에 대신들이 참가하라고 명하다,https://sillok.history.go.kr/id/kza_10012009_003,1
5509,고종실록,고종실록: 미시에 염습을 거행하다,https://sillok.history.go.kr/id/kza_10012009_004,1
5511,고종실록,고종실록: 유시에 소렴을 하다,https://sillok.history.go.kr/id/kza_10012009_005,1
5484,고종실록,고종실록: 국장 도감의 여러 관리들을 임명하다,https://sillok.history.go.kr/id/kza_10012009_006,1
5508,고종실록,고종실록: 영상을 환경전에 옮기다,https://sillok.history.go.kr/id/kza_10012010_002,1
4798,고종실록,고종실록: 등극한 후 왕비의 칭호를 올리는 의식은 날을 미루어 하겠다고 예조에서 아뢰다,https://sillok.history.go.kr/id/kza_10012010_003,1
5510,고종실록,고종실록: 신시에 대렴을 하다,https://sillok.history.go.kr/id/kza_10012011_001,1
5512,고종실록,고종실록: 빈소를 만들다,https://sillok.history.go.kr/id/kza_10012011_002,1
5494,고종실록,고종실록: 비변사에서 세 도감에 쓸 비용의 조달 방법을 아뢰다,https://sillok.history.go.kr/id/kza_10012011_003,1
5503,고종실록,고종실록: 익성군의 관례를 행하다,https://sillok.history.go.kr/id/kza_10012012_001,1
4804,고종실록,고종실록: 등극하는 의식을 거행하고 왕비를 왕대비로 올리는 의식도 거행하다,https://sillok.history.go.kr/id/kza_10012013_001,1
5505,고종실록,고종실록: 《고종실록》 총서,https://sillok.history.go.kr/id/kza_10012013_002,1
5482,고종실록,고종실록: 등극한 후 조하를 받았고 대사령을 반포했으며 수렴동청정의 의식도 가지다,https://sillok.history.go.kr/id/kza_10012013_003,1
4802,고종실록,고종실록: 대왕대비가 언문으로 대신들에게 성상을 잘 보좌하라는 교서를 내리다,https://sillok.history.go.kr/id/kza_10012013_004,1
5481,고종실록,고종실록: 대왕대비가 언문으로 국왕을 훈계하다,https://sillok.history.go.kr/id/kza_10012013_005,1
4799,고종실록,고종실록: 대왕대비가 언문으로 대신들에게 정사를 잘 돌볼 것을 부탁하는 교서를 내리다,https://sillok.history.go.kr/id/kza_10012013_006,1
4805,고종실록,고종실록: 대왕대비가 대원군에 작위를 봉하는 절차를 명하다,https://sillok.history.go.kr/id/kza_10012013_007,1
4811,고종실록,고종실록: 등극한 것과 관련하여 반포문을 내리다,https://sillok.history.go.kr/id/kza_10012013_008,1
4797,고종실록,고종실록: 수렴하는 것과 관련하여 반포문을 내리다,https://sillok.history.go.kr/id/kza_10012013_009,1
5499,고종실록,고종실록: 빈청에서 어명과 어자에 대한 초안을 올리다,https://sillok.history.go.kr/id/kza_10012013_010,1
5496,고종실록,고종실록: 원상이 성복하기 전에 직숙하는 것을 그만두게 하다,https://sillok.history.go.kr/id/kza_10012013_011,1
4806,고종실록,"고종실록: 대왕대비가 빈전 도감, 국장 도감, 산릉 도감의 관리를 더 추가하여 차하하다",https://sillok.history.go.kr/id/kza_10012013_012,1
5491,고종실록,고종실록: 비변사에서 부고를 알리러 가는 사신을 선발할 것을 아뢰다,https://sillok.history.go.kr/id/kza_10012013_013,1
5488,고종실록,고종실록: 부고를 전하고 시호를 청하며 왕위를 물려받은 것을 고하러 가는 사신을 정하다,https://sillok.history.go.kr/id/kza_10012013_014,1
4807,고종실록,고종실록: 대왕대비가 대원군 궁에 주는 토지와 저택을 예조에서 규례대로 정하라고 하다,https://sillok.history.go.kr/id/kza_10012013_015,1
5507,고종실록,고종실록: 홍우길을 평안도 관찰사에 임명하다,https://sillok.history.go.kr/id/kza_10012013_016,1
5483,고종실록,고종실록: 양사에서 의관들을 신문하라고 아뢰다,https://sillok.history.go.kr/id/kza_10012013_017,1
4800,고종실록,고종실록: 약원 도제조 김좌근이 자신의 책망을 처벌해 줄 것을 청하다,https://sillok.history.go.kr/id/kza_10012014_001,1
5498,고종실록,고종실록: 김흥근을 체차하고 조두순을 주청사로 대신하다,https://sillok.history.go.kr/id/kza_10012014_002,1
5506,고종실록,고종실록: 김병지를 홍문관 부제학에 임명하다,https://sillok.history.go.kr/id/kza_10012014_003,1
4808,고종실록,고종실록: 양사에서 다시 의관을 신문할 것을 청하다,https://sillok.history.go.kr/id/kza_10012014_004,1
5487,고종실록,고종실록: 빈전에 나아가 망제를 행하다,https://sillok.history.go.kr/id/kza_10012015_001,1
4810,고종실록,"고종실록: 빈전에서 선대왕의 시호, 묘호, 능호의 안을 올리다",https://sillok.history.go.kr/id/kza_10012015_002,1
6775,고종실록,고종실록: 호조에서 대원군 궁에 토지와 궁장 값으로 쌀과 은과 콩을 보내줄 것을 청하다,https://sillok.history.go.kr/id/kza_10012015_004,1
6776,고종실록,고종실록: 비변사에서 주청사로 북경에 가는 일의 재원조달을 아뢰다,https://sillok.history.go.kr/id/kza_10012016_002,1
6777,고종실록,고종실록: 승정원에서 이세보에게 내린 명령을 취소할 것을 청하다,https://sillok.history.go.kr/id/kza_10012020_002,1
6778,고종실록,고종실록: 대왕대비가 함경도에서 돈을 주조하는 것을 그만두라고 명하다,https://sillok.history.go.kr/id/kza_10012020_007,1
6779,고종실록,고종실록: 대왕대비가 좋은 계책을 진술하라고 명하다,https://sillok.history.go.kr/id/kza_10012022_001,1
6780,고종실록,고종실록: 종친부에 더 많은 재원을 주라고 선혜청에 명하다,https://sillok.history.go.kr/id/kza_10012023_001,1
6781,고종실록,고종실록: 대왕대비가 국상 중에 낭비하는 것을 금지하라고 명하다,https://sillok.history.go.kr/id/kza_10012027_001,1
6782,고종실록,고종실록: 예조에서 등극한 후 왕비의 칭호 문제를 아뢰다,https://sillok.history.go.kr/id/kza_10012030_003,1
6783,고종실록,고종실록: 예조에서 경모궁에 대한 축문 형식을 보고하다,https://sillok.history.go.kr/id/kza_10012030_007,1
6784,고종실록,고종실록: 박규수에게 가자하도록 대왕대비가 명하다,https://sillok.history.go.kr/id/kza_10101001_002,1
6785,고종실록,고종실록: 대왕대비가 이경재를 하유하다,https://sillok.history.go.kr/id/kza_10101003_001,1
6786,고종실록,고종실록: 산릉 도감의 관리를 임명하다,https://sillok.history.go.kr/id/kza_10101005_001,1
6787,고종실록,고종실록: 호조에서 대원군 궁을 수축하는 재원을 지출하겠다고 보고하다,https://sillok.history.go.kr/id/kza_10101007_002,1
6788,고종실록,고종실록: 조정의 관리로 90살 이상이 되는 사람을 포상하다,https://sillok.history.go.kr/id/kza_10101010_008,1
6789,고종실록,고종실록: 비변사에서 경과와 식년시가 겹치니 식년시를 미루자고 아뢰다,https://sillok.history.go.kr/id/kza_10101011_002,1
6790,고종실록,고종실록: 경모궁에 대신을 대리로 보내어 작헌례를 행하라고 명하다,https://sillok.history.go.kr/id/kza_10101012_001,1
6791,고종실록,고종실록: 비변사에서 중국 사신을 위한 접대 비용을 마련하는 방법을 아뢰다,https://sillok.history.go.kr/id/kza_10101017_005,1
6792,고종실록,고종실록: 국장 도감에서 국장에 사용할 물품을 아뢰다,https://sillok.history.go.kr/id/kza_10101018_006,1
6793,고종실록,고종실록: 대왕대비가 도목 정사에 공정한 선발이 이루어질 것을 명하다,https://sillok.history.go.kr/id/kza_10101020_002,1
6794,고종실록,"고종실록: 대신들이 대왕대비, 왕대비에게 칭호를 올리는 의식을 실시할 것과 무역하는 삼을 1만 5천근으로 정할 것 등을 아뢰다",https://sillok.history.go.kr/id/kza_10101021_003,1
6795,고종실록,고종실록: 산릉 도감에서 능의 경계 표식을 할 것을 아뢰다,https://sillok.history.go.kr/id/kza_10101021_007,1
6796,고종실록,고종실록: 비변사에서 여산 등의 고을에서 일어난 조운선 파손 사건의 처리를 아뢰다,https://sillok.history.go.kr/id/kza_10101024_004,1
6797,고종실록,고종실록: 대왕대비가 폐단을 지적한 김진형을 귀양보내라고 명하다,https://sillok.history.go.kr/id/kza_10101027_005,1
6798,고종실록,고종실록: 홍문관에서 김진형을 사형에 처하자고 아뢰다,https://sillok.history.go.kr/id/kza_10101028_004,1
6799,고종실록,고종실록: 삼사에서 김진형의 문제를 청한 대로 들어달라고 아뢰다,https://sillok.history.go.kr/id/kza_10102001_006,1
6800,고종실록,고종실록: 대왕대비가 성균관 사건의 처리를 명하다,https://sillok.history.go.kr/id/kza_10102002_004,1
6801,고종실록,고종실록: 시임 대신과 원임 대신이 김진형의 문제를 거론하다,https://sillok.history.go.kr/id/kza_10102003_006,1
6802,고종실록,고종실록: 남성교 등에게 관직을 제수하다,https://sillok.history.go.kr/id/kza_10102004_004,1
6803,고종실록,고종실록: 대궐 돈 3천냥을 경기에 내려 보내어 백성들을 구제하게 하다,https://sillok.history.go.kr/id/kza_10102005_003,1
6804,고종실록,고종실록: 대왕대비가 죄수를 마음대로 풀어준 민희경의 처벌을 명하다,https://sillok.history.go.kr/id/kza_10102005_007,1
6805,고종실록,고종실록: 갑산 부사 이석이 동점을 폐지할 때 돈을 마음대로 유용했으므로 이에 대한 처벌을 명하다,https://sillok.history.go.kr/id/kza_10102006_004,1
6806,고종실록,고종실록: 조병덕에게 관직에 나오도록 명하다,https://sillok.history.go.kr/id/kza_10102007_004,1
6807,고종실록,고종실록: 정천화 등에게 관직을 제수하다,https://sillok.history.go.kr/id/kza_10102007_008,1
6808,고종실록,고종실록: 중종의 옥책문 60조각이 옛 능의 광중에서 나오다,https://sillok.history.go.kr/id/kza_10102010_003,1
6809,고종실록,고종실록: 배왕대장 이경순으로 좌포장을 겸하게 하다,https://sillok.history.go.kr/id/kza_10102012_003,1
6810,고종실록,고종실록: 대왕대비와 왕대비에게 가상 존호 옥책과 금보를 올리고 대사령을 반포하다,https://sillok.history.go.kr/id/kza_10102013_003,1
6811,고종실록,고종실록: 의정부에서 국상 때 역참에 들어가는 비용의 조달을 아뢰다,https://sillok.history.go.kr/id/kza_10102013_007,1
6812,고종실록,고종실록: 가상존호도감의 도제조 이하를 포상하다,https://sillok.history.go.kr/id/kza_10102014_004,1
6813,고종실록,고종실록: 홍순목이 하직하러 들어오자 대왕대비가 황해도의 폐단을 지적하다,https://sillok.history.go.kr/id/kza_10102015_004,1
6814,고종실록,"고종실록: 보를 판다는 것, 세금을 고르게 한다는 것 등의 명목의 세금을 혁파할 것을 명하다",https://sillok.history.go.kr/id/kza_10102017_003,1
6815,고종실록,고종실록: 의금부에서 세 죄인에 대한 처벌을 청하다,https://sillok.history.go.kr/id/kza_10102021_005,1
6816,고종실록,고종실록: 대왕대비가 세력가의 등을 대고 백성들을 침학하는 것을 금지할 것을 명하다,https://sillok.history.go.kr/id/kza_10102027_005,1
6817,고종실록,고종실록: 효경 강론이 끝나가자 다음 강론할 책을 의논하게 하다,https://sillok.history.go.kr/id/kza_10102028_004,1
6818,고종실록,고종실록: 행 호군 이원조가 정사의 기본을 상소하다,https://sillok.history.go.kr/id/kza_10103001_003,1
6819,고종실록,고종실록: 전라 감사 정건조가 탐오를 범한 김윤항의 처벌을 아뢰다,https://sillok.history.go.kr/id/kza_10103001_008,1
6820,고종실록,고종실록: 강론을 계속할 날짜를 정하다,https://sillok.history.go.kr/id/kza_10103002_004,1
6821,고종실록,고종실록: 대왕대비가 심이택을 잡아가두도록 명하다,https://sillok.history.go.kr/id/kza_10103003_003,1
6822,고종실록,고종실록: 양사에서 다시 심이택 부자의 처벌을 아뢰다,https://sillok.history.go.kr/id/kza_10103005_002,1
6823,고종실록,"고종실록: 장령 강진규가 성인의 기질을 기르는 것, 임금의 몸을 보호하는 것 등에 관해 진술하다",https://sillok.history.go.kr/id/kza_10103005_006,1
6824,고종실록,고종실록: 대왕대비가 통영 군영의 폐단을 시정할 것을 명하다,https://sillok.history.go.kr/id/kza_10103007_001,1
6825,고종실록,고종실록: 삼사에서 연합으로 심의면을 처벌할 것을 아뢰다,https://sillok.history.go.kr/id/kza_10103012_001,1
6826,고종실록,고종실록: 의정부에서 의주부의 폐단을 보고하다,https://sillok.history.go.kr/id/kza_10103012_005,1
6827,고종실록,고종실록: 방곡의 폐단을 엄하게 신칙하다,https://sillok.history.go.kr/id/kza_10103013_003,1
4851,단종실록,단종실록: 빈전 도감을 설치하다,https://sillok.history.go.kr/id/kfa_10005014_001,1
5561,단종실록,단종실록: 석전을 올리고 종친과 문무 백관이 곡림하다,https://sillok.history.go.kr/id/kfa_10005014_002,1
5591,단종실록,단종실록: 염습하고 전을 올리고 곡림하다,https://sillok.history.go.kr/id/kfa_10005014_003,1
5576,단종실록,단종실록: 윤암·이완·이영·최숙손 등을 절제사로 삼아 궁중을 숙위하게 하다,https://sillok.history.go.kr/id/kfa_10005014_004,1
5587,단종실록,단종실록: 조전을 올리고 곡림하다,https://sillok.history.go.kr/id/kfa_10005015_001,1
5590,단종실록,단종실록: 소렴하고 전을 올리고 곡림하다,https://sillok.history.go.kr/id/kfa_10005015_002,1
5579,단종실록,단종실록: 대간에서 내의 전순의·변한산·최읍 등을 치죄할 것을 청하다,https://sillok.history.go.kr/id/kfa_10005015_003,1
5578,단종실록,"단종실록: 윤사로를 빈전 도감 제조로, 황보인을 국장 도감 도제조로 삼다",https://sillok.history.go.kr/id/kfa_10005015_004,1
5575,단종실록,단종실록: 대간에서 도승지가 시선하고 연로한 환관으로 입시케 하도록 아뢰다,https://sillok.history.go.kr/id/kfa_10005015_005,1
5562,단종실록,단종실록: 환관 김연을 승전색으로 삼게 하다,https://sillok.history.go.kr/id/kfa_10005015_006,1
5589,단종실록,단종실록: 대렴하고 전을 올리고 곡림하다,https://sillok.history.go.kr/id/kfa_10005016_001,1
5572,단종실록,단종실록: 황보인·김종서·정분·이사철 등을 산릉 도감 및 국장 도감의 제조로 삼다,https://sillok.history.go.kr/id/kfa_10005016_002,1
5585,단종실록,단종실록: 의금부에서 내의 전인귀도 추문할 것을 청하다,https://sillok.history.go.kr/id/kfa_10005017_001,1
4842,단종실록,단종실록: 세조가 강맹경에게 궁성 순찰을 강화할 것과 진선에 유의할 것 등을 이르다,https://sillok.history.go.kr/id/kfa_10005017_002,1
4847,단종실록,단종실록: 의정부에서 예조의 정문에 의거하여 상례 및 성복에 관하여 아뢰다,https://sillok.history.go.kr/id/kfa_10005017_003,1
5586,단종실록,단종실록: 경기 관찰사 홍심이 최사로를 보내 진위하다,https://sillok.history.go.kr/id/kfa_10005017_004,1
4850,단종실록,"단종실록: 내의 전순의는 전의감 청직으로, 변한산·최읍은 아전으로 강등하다",https://sillok.history.go.kr/id/kfa_10005018_001,1
5592,단종실록,단종실록: 사정전에 빈소를 차리다,https://sillok.history.go.kr/id/kfa_10005018_002,1
5588,단종실록,단종실록: 성복하고 전을 올리고 곡림하다.,https://sillok.history.go.kr/id/kfa_10005018_003,1
4841,단종실록,단종실록: 근정문에서 즉위하고 교서를 반포하다,https://sillok.history.go.kr/id/kfa_10005018_004,1
5559,단종실록,단종실록: 즉위하는 의식,https://sillok.history.go.kr/id/kfa_10005018_005,1
4846,단종실록,단종실록: 사헌부와 사간원에서 내의 전순의 등과 장죄를 범한 오명의를 엄벌할 것을 청하다,https://sillok.history.go.kr/id/kfa_10005018_006,1
5574,단종실록,단종실록: 일본국 대내전 사자 등이 조석 예배와 상복입기를 청하니 베를 주다,https://sillok.history.go.kr/id/kfa_10005018_007,1
4854,단종실록,단종실록: 대간의 청으로 의정부 당상 및 대군들 집에서 분경하는 것을 금하다,https://sillok.history.go.kr/id/kfa_10005018_008,1
4845,단종실록,단종실록: 신석조 등이 대행왕의 후궁들이 여승이 되는 것을 그치도록 해 줄 것을 청하다,https://sillok.history.go.kr/id/kfa_10005018_009,1
5563,단종실록,단종실록: 처음 재를 장의사에서 베풀다,https://sillok.history.go.kr/id/kfa_10005019_001,1
5583,단종실록,단종실록: 사헌부·사간원에서 내의 전순의 등의 죄를 다시 거론하다,https://sillok.history.go.kr/id/kfa_10005019_002,1
4840,단종실록,단종실록: 대군의 집에서는 분경을 할 수 있도록 하다,https://sillok.history.go.kr/id/kfa_10005019_003,1
4848,단종실록,단종실록: 의정부에서 전조 왕씨의 봉사하는 조건을 아뢰다,https://sillok.history.go.kr/id/kfa_10005019_004,1
5566,단종실록,단종실록: 이동량의 상언에 따라 평안도 인산군의 옛이름을 회복케 하고 수령을 보내도록 하다,https://sillok.history.go.kr/id/kfa_10005019_005,1
5582,단종실록,단종실록: 일본국 대마주 태수 종정성이 사자를 보내 토물을 바치다,https://sillok.history.go.kr/id/kfa_10005019_006,1
4853,단종실록,단종실록: 의정부에서 졸곡 후 3년 안에는 배표할 때에만 청산선·오장을 쓸 것을 청하다,https://sillok.history.go.kr/id/kfa_10005019_007,1
4849,단종실록,단종실록: 의정부에서 유이민을 살도록 허락한 호수(戶首)와 와주(窩主) 가운데 사유 전은 논하지 않기를 청하다,https://sillok.history.go.kr/id/kfa_10005019_008,1
5570,단종실록,단종실록: 함길도 도체찰사 황보인이 부령부를 삼기로 옮길 것을 아뢰니 그대로 따르다,https://sillok.history.go.kr/id/kfa_10005019_009,1
5568,단종실록,단종실록: 조극관이 함길도 함흥부에 진을 설치하기를 청하였으나 황보인의 반대로 그만 두다,https://sillok.history.go.kr/id/kfa_10005019_010,1
5577,단종실록,단종실록: 황보인·김종서 등에게 명하여 영릉에 가서 능 자리를 보게 하다,https://sillok.history.go.kr/id/kfa_10005020_001,1
5580,단종실록,단종실록: 이보흠·조원희 등이 전순의·이장·김자안 등의 죄를 아뢰다,https://sillok.history.go.kr/id/kfa_10005020_002,1
5584,단종실록,단종실록: 의정부에서 수성도 명원참을 여거산에 옮기도록 청하다,https://sillok.history.go.kr/id/kfa_10005020_003,1
5564,단종실록,단종실록: 궁성 밖의 숙위 군사를 반 나누어 교대로 번들 것을 명하다,https://sillok.history.go.kr/id/kfa_10005020_004,1
5567,단종실록,단종실록: 의정부에서 3월부터 6월까지는 총통과 화살 만드는 것을 정지해 줄 것을 아뢰다,https://sillok.history.go.kr/id/kfa_10005020_005,1
5560,단종실록,단종실록: 김세민·유수강을 명나라에 보내어 부음하고 아울러 시호와 승습을 청하다,https://sillok.history.go.kr/id/kfa_10005021_001,1
4843,단종실록,단종실록: 사헌부에서 파직된 안변 부사 홍한이 사용한 관물을 추징하도록 청하다,https://sillok.history.go.kr/id/kfa_10005021_002,1
5558,단종실록,단종실록: 사간원 우헌납 조원희가 정부의 상피의 법을 세울 것 등을 아뢰다,https://sillok.history.go.kr/id/kfa_10005021_003,1
5569,단종실록,단종실록: 의정부에서 익조 강혜 대왕과 정숙 왕후의 기신재를 행하지 말 것을 아뢰다,https://sillok.history.go.kr/id/kfa_10005021_004,1
5573,단종실록,단종실록: 김자해를 보내 도망하여 온 중국 사람 29명을 요동으로 풀어 보내다,https://sillok.history.go.kr/id/kfa_10005022_001,1
4844,단종실록,단종실록: 성득식·박중림을 명나라로 보내어 성절을 하례하다,https://sillok.history.go.kr/id/kfa_10005022_002,1
5571,단종실록,단종실록: 국장 도감에서 자선당을 수리하여 대행 대왕의 혼전으로 삼을 것을 청하다,https://sillok.history.go.kr/id/kfa_10005022_003,1
5581,단종실록,단종실록: 일본국 대마국 태수 종정성이 사자를 보내 토물을 바치다,https://sillok.history.go.kr/id/kfa_10005022_004,1
5565,단종실록,단종실록: 전라도·충청도 등지의 지진으로 향과 축문을 내리어 해괴제를 행하다,https://sillok.history.go.kr/id/kfa_10005023_001,1
4852,단종실록,단종실록: 세조가 황보인·김종서 등과 이목동의 건좌 손향 자리를 살피고 돌아와 그 자리를 그대로 쓸 것을 아뢰다,https://sillok.history.go.kr/id/kfa_10005023_002,1
4865,명종실록,명종실록: 영의정 윤인경과 좌의정 유관이 대상을 당해 삼전에 문안하다,https://sillok.history.go.kr/id/kma_10007007_001,1
4860,명종실록,명종실록: 윤인경 등이 대행왕의 어선 진어 문제로 승전색·도설리의 처벌을 청하다,https://sillok.history.go.kr/id/kma_10007007_002,1
5599,명종실록,명종실록: 윤인경 등이 인종이 명종을 해치려 한다고 한 윤원로에 대한 치죄를 청하다,https://sillok.history.go.kr/id/kma_10007007_003,1
4859,명종실록,명종실록: 나숙 등이 인종이 명종을 해치려 한다고 한 윤원로에 대한 치죄를 청하다,https://sillok.history.go.kr/id/kma_10007007_004,1
5610,명종실록,명종실록: 홍문관 부제학 나숙 등이 윤원로를 주살할 것을 청하였으나 불윤하다,https://sillok.history.go.kr/id/kma_10007007_005,1
5615,명종실록,명종실록: 민제인·구수담 등이 윤원로에게 죄줄 것을 청하였으나 불윤하다,https://sillok.history.go.kr/id/kma_10007008_001,1
4855,명종실록,명종실록: 홍문관 부제학 나숙 등이 다시 윤원로에게 죄줄 것을 아뢰었으나 불윤하다,https://sillok.history.go.kr/id/kma_10007008_002,1
5617,명종실록,명종실록: 민제인 등이 윤원로의 일 등을 자전께 아뢸 수 없다고 하다,https://sillok.history.go.kr/id/kma_10007008_003,1
5604,명종실록,명종실록: 민제인·구수담 등이 윤원로의 일을 공론에 따를 것을 아뢰었으나 불윤하다,https://sillok.history.go.kr/id/kma_10007008_004,1
5609,명종실록,명종실록: 나숙 등이 윤원로를 죄주어 화환을 제거할 것을 아뢰었으나 불윤하다,https://sillok.history.go.kr/id/kma_10007008_005,1
5594,명종실록,명종실록: 의정부·육조가 다시 윤원로를 죄줄 것을 대왕 대비에게 청하다,https://sillok.history.go.kr/id/kma_10007008_006,1
5608,명종실록,명종실록: 나숙 등이 윤원로를 죄주는 일을 지체할 수 없음을 네 번째 아뢰다,https://sillok.history.go.kr/id/kma_10007008_007,1
5611,명종실록,명종실록: 민제인·구수담이 윤원로의 일에 대해 네 번째 아뢰었으나 불윤하다,https://sillok.history.go.kr/id/kma_10007008_008,1
5603,명종실록,명종실록: 좌의정 유관이 돌아본 정릉이 아름다운 지역임을 대전과 왕대비전에 아뢰다,https://sillok.history.go.kr/id/kma_10007008_009,1
5621,명종실록,명종실록: 민제인·구수담 등이 자전에게 공론에 따를 것을 청하다,https://sillok.history.go.kr/id/kma_10007009_001,1
5600,명종실록,명종실록: 홍문관 부제학 나숙 등이 윤원로의 죄를 청하나 불윤하다,https://sillok.history.go.kr/id/kma_10007009_002,1
5616,명종실록,명종실록: 윤인경 등이 대왕 대비전에 수렴의 의절을 갖출 것을 청하다,https://sillok.history.go.kr/id/kma_10007009_003,1
4868,명종실록,명종실록: 의정부·육조·한성부와 윤원로를 공론에 따라 찬축할 것을 아뢰다,https://sillok.history.go.kr/id/kma_10007009_004,1
5596,명종실록,명종실록: 민제인과 구수담 등이 윤원로의 엄한 처벌을 아뢰다,https://sillok.history.go.kr/id/kma_10007009_005,1
5598,명종실록,명종실록: 도승지 송기수 등이 윤원로의 엄한 처벌을 아뢰다,https://sillok.history.go.kr/id/kma_10007009_006,1
4863,명종실록,명종실록: 나숙 등이 윤원로를 찬축할 것을 두 번째 아뢰었으나 불윤하다,https://sillok.history.go.kr/id/kma_10007009_007,1
5605,명종실록,명종실록: 의정부·육조·한성부·돈녕부 등이 윤원로에게 죄줄 것을 청하나 불윤하다,https://sillok.history.go.kr/id/kma_10007009_008,1
5622,명종실록,명종실록: 나숙 등이 윤원로의 일로 여섯 번째 아뢰다,https://sillok.history.go.kr/id/kma_10007009_009,1
4858,명종실록,명종실록: 홍언필 등이 윤원로를 찬축할 것을 대왕 대비께 아뢰다,https://sillok.history.go.kr/id/kma_10007009_010,1
4864,명종실록,명종실록: 대왕 대비가 윤원로의 자원 부처를 명하다,https://sillok.history.go.kr/id/kma_10007009_011,1
5595,명종실록,명종실록: 예문관 봉교 왕희걸 등이 윤원로의 일로 상소를 올리다,https://sillok.history.go.kr/id/kma_10007009_012,1
5593,명종실록,명종실록: 의정부 사인과 육조의 낭관 등이 윤원로의 일로 상소를 올리다,https://sillok.history.go.kr/id/kma_10007009_013,1
4856,명종실록,명종실록: 대사헌 민제인과 대사간 구수담 등이 윤원로를 멀리 찬축할 것을 청하다,https://sillok.history.go.kr/id/kma_10007010_001,1
4869,명종실록,명종실록: 홍문관 부제학 나숙 등이 윤원로를 절도로 찬축할 것을 청하다,https://sillok.history.go.kr/id/kma_10007010_002,1
5619,명종실록,명종실록: 민제인·구수담 등이 윤원로를 찬축할 것을 세 번째 아뢰다,https://sillok.history.go.kr/id/kma_10007010_003,1
4862,명종실록,명종실록: 의정부·육조·한성부가 윤원로를 공론에 따라 찬축할 것을 아뢰다,https://sillok.history.go.kr/id/kma_10007010_004,1
5614,명종실록,명종실록: 나숙 등이 윤원로를 찬축할 것을 두 번째 이뢰었으나 불윤하다,https://sillok.history.go.kr/id/kma_10007010_005,1
5601,명종실록,명종실록: 양사가 대행왕의 질환을 보살피지 못한 의원들을 다스릴 것을 청하니 따르다,https://sillok.history.go.kr/id/kma_10007010_007,1
5613,명종실록,명종실록: 윤인경 등이 정릉에서 돌아와 이곳으로 능지를 정할 것을 아뢰다,https://sillok.history.go.kr/id/kma_10007011_001,1
5606,명종실록,명종실록: 승정원이 대관들이 아뢰는 것 중 큰 일은 원상과 의논할 것을 청하다,https://sillok.history.go.kr/id/kma_10007011_002,1
5624,명종실록,명종실록: 윤인경 등이 대행왕의 묘호·시호·능호·전호를 정하여 아뢰다,https://sillok.history.go.kr/id/kma_10007012_001,1
5612,명종실록,명종실록: 윤인경 등이 대행왕의 상사를 검소하게 할 것 등에 대해 아뢰다,https://sillok.history.go.kr/id/kma_10007012_002,1
4861,명종실록,"명종실록: 윤인경 등이 좌찬성을 원상으로 삼는 일, 친제를 행하는 일 등에 대해 아뢰다",https://sillok.history.go.kr/id/kma_10007014_001,1
4857,명종실록,명종실록: 비망기를 내려 근래의 재변에 대한 반성으로 감선할 것임을 알리다,https://sillok.history.go.kr/id/kma_10007014_002,1
5597,명종실록,명종실록: 윤인경 등이 감선하지 말 것을 청했으나 불윤하다,https://sillok.history.go.kr/id/kma_10007015_001,1
5618,명종실록,명종실록: 전라도 함평현에서 사람 2명과 말 1필이 벼락 맞아 죽다,https://sillok.history.go.kr/id/kma_10007015_002,1
5607,명종실록,명종실록: 사간원이 정전이 아닌 저승전을 혼전으로 삼는 것이 부당함을 아뢰다,https://sillok.history.go.kr/id/kma_10007016_001,1
5625,명종실록,명종실록: 태백이 나타나고 햇무리가 지고 양이가 있었다,https://sillok.history.go.kr/id/kma_10007017_001,1
5623,명종실록,명종실록: 창덕궁의 선정전을 혼전으로 정하다,https://sillok.history.go.kr/id/kma_10007018_001,1
5620,명종실록,명종실록: 경상도 풍기군에 큰 물이 나서 사람과 가옥이 표몰되다,https://sillok.history.go.kr/id/kma_10007018_002,1
5602,명종실록,명종실록: 동지중추부사 송염·한숙을 북경에 보내 고부하고 시호와 승습을 청하다,https://sillok.history.go.kr/id/kma_10007019_001,1
4867,명종실록,명종실록: 영중추부사 홍언필이 병으로 원상에서 체직되기를 청하나 불윤하다,https://sillok.history.go.kr/id/kma_10007019_002,1
4866,명종실록,명종실록: 사헌부가 대행왕의 상사가 예문에 따라 행해지지 않았음을 아뢰다,https://sillok.history.go.kr/id/kma_10007019_003,1
6881,명종실록,명종실록: 윤인경 등이 대행왕의 장례일을 앞당긴 이유에 대해서 아뢰다,https://sillok.history.go.kr/id/kma_10007020_001,1
6882,명종실록,명종실록: 27일 뒤에 경연을 행할 장소를 충순당으로 정하다,https://sillok.history.go.kr/id/kma_10007021_002,1
6883,명종실록,명종실록: 원상 권벌이 왕대비전에 문안하고 지나치게 슬퍼하지 말 것을 아뢰다,https://sillok.history.go.kr/id/kma_10007022_001,1
6884,명종실록,명종실록: 예조가 경연에서 최복을 입을 것을 아뢰다,https://sillok.history.go.kr/id/kma_10007023_002,1
6885,명종실록,명종실록: 사헌부가 복성군에 관한 일을 대행왕의 행장에 기록할 것을 아뢰다,https://sillok.history.go.kr/id/kma_10007024_003,1
6886,명종실록,명종실록: 우참찬 신광한이 일본과 강화하는 일에 대해 아뢰다,https://sillok.history.go.kr/id/kma_10007026_002,1
6887,명종실록,명종실록: 이황이 일본과의 강화와 병란에 대비할 것 등에 대한 상소를 올리다,https://sillok.history.go.kr/id/kma_10007027_003,1
6888,명종실록,명종실록: 원상 좌의정 유관 등이 친히 곡림한 후 경연을 베풀 것을 아뢰다,https://sillok.history.go.kr/id/kma_10007029_001,1
6889,명종실록,명종실록: 영의정 윤인경 등이 왕대비에게 기력을 회복할 것을 아뢰다,https://sillok.history.go.kr/id/kma_10008001_001,1
6890,명종실록,명종실록: 윤인경 등이 천거법 등 인재를 공정하게 등용하는 일에 대해서 아뢰다,https://sillok.history.go.kr/id/kma_10008002_001,1
6891,명종실록,명종실록: 병조 정랑 정황이 대행왕의 장례일과 경연에 관한 일로 상소를 올리다,https://sillok.history.go.kr/id/kma_10008003_001,1
6892,명종실록,명종실록: 대사 이후 파직된 자들의 서용을 명하다,https://sillok.history.go.kr/id/kma_10008004_001,1
6893,명종실록,명종실록: 윤인경 등이 유충정을 잡아다 추국할 것을 청하니 윤허하다,https://sillok.history.go.kr/id/kma_10008005_001,1
6894,명종실록,명종실록: 잠저시의 노비 등은 내수사로 이속하고 어살은 소속 고을에 지급하게 하다,https://sillok.history.go.kr/id/kma_10008006_003,1
6895,명종실록,명종실록: 처음으로 경연에 나가 충순당에서 《소학》을 강하다,https://sillok.history.go.kr/id/kma_10008009_001,1
6896,명종실록,명종실록: 전라도 마도에 정박한 중국배에 대해 하선을 금하고 병조에게 지키게 하다,https://sillok.history.go.kr/id/kma_10008010_003,1
6897,명종실록,명종실록: 거듭되는 재변으로 인해 감선할 것임을 명하다,https://sillok.history.go.kr/id/kma_10008011_002,1
6898,명종실록,명종실록: 윤인경 등이 일본국 사신의 무역을 허락할 것을 청하니 윤허하다,https://sillok.history.go.kr/id/kma_10008014_001,1
6899,명종실록,명종실록: 이언적이 대왕 대비에게 경연과 상의 신기를 보호하는 일에 대해 아뢰다,https://sillok.history.go.kr/id/kma_10008016_001,1
6900,명종실록,명종실록: 자전이 윤인경 등에게 상에게 육선을 올리는 일에 대해 하교하다,https://sillok.history.go.kr/id/kma_10008018_002,1
6901,명종실록,명종실록: 자전과 윤인경 등이 육선을 드실 것을 청하다,https://sillok.history.go.kr/id/kma_10008018_006,1
6902,명종실록,명종실록: 윤인경 등이 도설리 박한종에게 육선을 힘써 진달할 것을 명하다,https://sillok.history.go.kr/id/kma_10008019_002,1
6903,명종실록,명종실록: 성균관 생원 신백령 등이 대행왕의 장례일에 대해 상소를 올리다,https://sillok.history.go.kr/id/kma_10008020_003,1
6904,명종실록,명종실록: 집의 송희규 등이 윤임의 일을 논계하지 못한 일로 체직을 청하나 불윤하다,https://sillok.history.go.kr/id/kma_10008022_003,1
6905,명종실록,명종실록: 대사헌 민제인이 윤임의 일에 대한 논의와 관련하여 체직을 청하나 불윤하다,https://sillok.history.go.kr/id/kma_10008023_002,1
6906,명종실록,명종실록: 송희규 등이 윤임에 대해 일치된 의견을 아뢰지 못한 일로 체직을 청하다,https://sillok.history.go.kr/id/kma_10008023_006,1
6907,명종실록,명종실록: 윤인경 등과 윤임·유인숙·유관 등을 죄주는 일에 대해서 논의하다,https://sillok.history.go.kr/id/kma_10008024_005,1
6908,명종실록,명종실록: 대사간 나세찬이 선왕조에 중한 논박을 받은 것과 관련하여 체직을 청하다,https://sillok.history.go.kr/id/kma_10008025_001,1
6909,명종실록,명종실록: 병조 판서 권벌이 근일의 재변은 죄를 잘못 주어 발생한 것이라고 하다,https://sillok.history.go.kr/id/kma_10008026_001,1
6910,명종실록,명종실록: 나세찬 등이 송희규 등 양사의 아홉 관헌에 대한 체직이 부당함을 아뢰다,https://sillok.history.go.kr/id/kma_10008026_006,1
6911,명종실록,명종실록: 사헌부가 병조 참의 이임이 실수가 많음으로 체직할 것을 청하니 윤허하다,https://sillok.history.go.kr/id/kma_10008027_001,1
6912,명종실록,명종실록: 근정문에서 윤임·유인숙·유관의 치죄에 대한 교서를 반포하다,https://sillok.history.go.kr/id/kma_10008028_003,1
6913,명종실록,명종실록: 홍언필 등이 빈전에서 거행하는 제사의 축문에 효제라고 쓸 것을 아뢰다,https://sillok.history.go.kr/id/kma_10008029_003,1
6914,명종실록,명종실록: 정순붕 등이 자제까지 공신에 참예함이 부당함을 아뢰다,https://sillok.history.go.kr/id/kma_10008030_003,1
6915,명종실록,명종실록: 이기 등과 공신의 자제를 녹공하는 일에 대해서 의논하다,https://sillok.history.go.kr/id/kma_10008030_008,1
6916,명종실록,명종실록: 이기가 병조 판서를 겸임하는 것이 부당함을 아뢰고 체직을 청하나 불윤하다,https://sillok.history.go.kr/id/kma_10009001_002,1
6917,명종실록,명종실록: 변고가 있었으므로 선전관 등에게 궐내·궐외의 수비를 살필 것을 명하다,https://sillok.history.go.kr/id/kma_10009002_003,1
6918,명종실록,명종실록: 고변과 관련하여 성언박·한총·한분·한옹 이외에는 석방할 것을 명하다,https://sillok.history.go.kr/id/kma_10009005_004,1
6919,명종실록,명종실록: 한분이 공초하다,https://sillok.history.go.kr/id/kma_10009005_009,1
6920,명종실록,명종실록: 경양정 이수환이 공초하다,https://sillok.history.go.kr/id/kma_10009005_013,1
6921,명종실록,명종실록: 창준 박중련이 공초하다,https://sillok.history.go.kr/id/kma_10009005_017,1
6922,명종실록,명종실록: 이학령이 다시 공초하다,https://sillok.history.go.kr/id/kma_10009005_022,1
6923,명종실록,명종실록: 논난이 공초하다,https://sillok.history.go.kr/id/kma_10009006_004,1
6924,명종실록,명종실록: 이덕응이 공초하다,https://sillok.history.go.kr/id/kma_10009006_009,1
6925,명종실록,명종실록: 종이가 신장 9번을 치자 공초하다,https://sillok.history.go.kr/id/kma_10009006_013,1
6926,명종실록,명종실록: 권벌·송기수·최연 등에게 관직을 제수하다,https://sillok.history.go.kr/id/kma_10009006_017,1
6927,명종실록,명종실록: 홍언필 등이 윤흥례는 공초하지 말 것을 청하니 윤허하다,https://sillok.history.go.kr/id/kma_10009007_004,1
6928,명종실록,명종실록: 대사간 나세찬이 옥사를 지연시킨 추관의 체직을 청하나 불윤하다,https://sillok.history.go.kr/id/kma_10009008_003,1
6929,명종실록,명종실록: 나숙이 공초하다,https://sillok.history.go.kr/id/kma_10009008_007,1
6930,명종실록,명종실록: 심연원이 자살한 충의위에 대해 이유와의 관련을 조사할 것을 아뢰다,https://sillok.history.go.kr/id/kma_10009008_012,1
6931,명종실록,명종실록: 이조 정랑 이중렬이 이휘가 불궤와 관련이 있음을 아뢰다,https://sillok.history.go.kr/id/kma_10009009_002,1
6932,명종실록,명종실록: 이휘·한총·성언박 등에게 신형을 가했으나 공초가 전과 같다,https://sillok.history.go.kr/id/kma_10009009_007,1
4880,문종실록,문종실록: 염습을 마치고 종친과 백관이 곡림하다,https://sillok.history.go.kr/id/kea_10002018_001,1
5628,문종실록,문종실록: 영의정 하연 등이 수강궁으로 빈전의 이전을 청하다,https://sillok.history.go.kr/id/kea_10002018_002,1
5641,문종실록,문종실록: 영의정 하연 등이 왕에게 죽 드시기를 청하다,https://sillok.history.go.kr/id/kea_10002018_003,1
5652,문종실록,문종실록: 석전을 행하고 백관이 곡림하다,https://sillok.history.go.kr/id/kea_10002018_004,1
5649,문종실록,문종실록: 강계 절제사 이양을 수릉관으로 삼다,https://sillok.history.go.kr/id/kea_10002018_005,1
4884,문종실록,문종실록: 대자암의 증축과 화엄경의 조성을 승정원에 의논하다,https://sillok.history.go.kr/id/kea_10002018_006,1
5637,문종실록,문종실록: 영의정 하연 등이 빈전에서 불사를 행하는 것을 의논하다,https://sillok.history.go.kr/id/kea_10002018_007,1
5640,문종실록,문종실록: 조전을 드리고 종친·백관이 의식대로 곡림하다,https://sillok.history.go.kr/id/kea_10002019_001,1
4870,문종실록,문종실록: 하연·황보인 등이 왕의 종기를 염려하여 동궁에 물러가 조섭하기를 청하다,https://sillok.history.go.kr/id/kea_10002019_002,1
5651,문종실록,문종실록: 소렴하고 종친과 백관이 곡림하다,https://sillok.history.go.kr/id/kea_10002019_003,1
5657,문종실록,문종실록: 의식대로 석전을 행하다,https://sillok.history.go.kr/id/kea_10002019_004,1
5629,문종실록,문종실록: 조전과 석전을 의식대로 행하다,https://sillok.history.go.kr/id/kea_10002020_001,1
4871,문종실록,문종실록: 사헌부에서 식량 부족을 이유로 중외의 술 사용을 금지하도록 청하다,https://sillok.history.go.kr/id/kea_10002020_002,1
5656,문종실록,문종실록: 조전을 의식대로 행하다,https://sillok.history.go.kr/id/kea_10002021_001,1
5648,문종실록,문종실록: 대렴을 하고 종친과 백관이 곡림하다,https://sillok.history.go.kr/id/kea_10002021_002,1
5654,문종실록,문종실록: 석전을 의식대로 거행하다,https://sillok.history.go.kr/id/kea_10002021_003,1
5647,문종실록,문종실록: 빈전을 만들고 종친과 백관이 곡림하다,https://sillok.history.go.kr/id/kea_10002021_004,1
5627,문종실록,문종실록: 왕세자가 성복하고 종친·백관과 함께 곡림하다,https://sillok.history.go.kr/id/kea_10002022_001,1
5644,문종실록,문종실록: 임금이 빈전 밖에서 즉위의 예식을 행하다,https://sillok.history.go.kr/id/kea_10002022_002,1
4874,문종실록,문종실록: 최복 차림으로 의식대로 교서를 반포하다,https://sillok.history.go.kr/id/kea_10002022_003,1
5636,문종실록,문종실록: 의정부에서 임금의 거처를 옮기기를 청하였으나 듣지 아니하다,https://sillok.history.go.kr/id/kea_10002022_004,1
5646,문종실록,문종실록: 세손의 상복을 참최복으로 결정하다,https://sillok.history.go.kr/id/kea_10002022_005,1
5630,문종실록,문종실록: 장죄·간사 등을 제외한 범죄인에게 직첩을 되돌려주도록 명하다,https://sillok.history.go.kr/id/kea_10002022_006,1
5653,문종실록,문종실록: 대자암에서 초재를 베풀다,https://sillok.history.go.kr/id/kea_10002022_007,1
5643,문종실록,문종실록: 왕의 즉위를 종묘·사직·휘덕전 등에 고하다,https://sillok.history.go.kr/id/kea_10002023_001,1
4883,문종실록,문종실록: 황보인·남지 등이 조석전과 상식을 그치고 편히 쉬기를 청하다,https://sillok.history.go.kr/id/kea_10002023_002,1
5639,문종실록,문종실록: 우찬성 김종서가 평안도에서 돌아와 빈전에 곡하다,https://sillok.history.go.kr/id/kea_10002023_003,1
5635,문종실록,문종실록: 야인 오도리 동인두 부자가 상복입기를 청하니 이를 허락하다,https://sillok.history.go.kr/id/kea_10002023_004,1
5658,문종실록,문종실록: 물러나 여차에 거하다,https://sillok.history.go.kr/id/kea_10002024_001,1
5638,문종실록,문종실록: 중국에 부고를 알리고 시호를 청하는 표·전을 배송하다,https://sillok.history.go.kr/id/kea_10002025_001,1
5633,문종실록,문종실록: 임금이 조석 상식에 참여하고자 하자 의정부에서 조리하기를 청하다,https://sillok.history.go.kr/id/kea_10002025_002,1
5626,문종실록,문종실록: 사망한 우찬성 최사강의 아내에게 부물을 하사하다,https://sillok.history.go.kr/id/kea_10002025_003,1
4873,문종실록,문종실록: 대신들과 함께 대자암의 증축과 불경의 조성을 의논하다,https://sillok.history.go.kr/id/kea_10002026_001,1
5631,문종실록,문종실록: 선공 제조 좌참찬 정분·병조 판서 민신 등이 겉으로만 대자암의 증축을 반대하다,https://sillok.history.go.kr/id/kea_10002026_002,1
5660,문종실록,문종실록: 햇무리지다,https://sillok.history.go.kr/id/kea_10002027_001,1
4875,문종실록,문종실록: 장령 정지하가 대자암의 증축과 불경의 조성을 반대하다,https://sillok.history.go.kr/id/kea_10002027_002,1
4881,문종실록,문종실록: 자수를 잘 하는 자와 공장들을 불러 부처를 수놓고 불상을 조성토록 하다,https://sillok.history.go.kr/id/kea_10002027_003,1
5634,문종실록,문종실록: 수릉관 이양이 강계에서 돌아와 빈전에 곡하고 여차에 거처하다,https://sillok.history.go.kr/id/kea_10002027_004,1
5642,문종실록,문종실록: 의정부에서 임금이 병환을 조심하도록 청하다,https://sillok.history.go.kr/id/kea_10002028_001,1
4882,문종실록,문종실록: 사간원 우정언 유효담이 불사의 중지를 요청하였으나 들어주지 아니하다,https://sillok.history.go.kr/id/kea_10002028_002,1
4879,문종실록,문종실록: 사간원에서 불사의 중지를 상소하였으나 들어주지 아니하다,https://sillok.history.go.kr/id/kea_10002028_003,1
4877,문종실록,문종실록: 장령 정지하가 불사의 중지를 요청하였으나 들어주지 아니하다,https://sillok.history.go.kr/id/kea_10002028_004,1
5650,문종실록,문종실록: 진관사에서 두 번째 재를 베풀다,https://sillok.history.go.kr/id/kea_10002029_001,1
5659,문종실록,문종실록: 햇무리지다,https://sillok.history.go.kr/id/kea_10003001_001,1
5655,문종실록,문종실록: 삭전을 의식대로 행하다,https://sillok.history.go.kr/id/kea_10003001_002,1
4876,문종실록,문종실록: 집현전 부제학 정창손 등이 불사의 중지를 요청하자 다시 의논할 것을 명하다,https://sillok.history.go.kr/id/kea_10003001_003,1
5645,문종실록,문종실록: 사헌부 대사헌 이승손 등이 대자암의 증축을 반대하였으나 이를 들어주지 아니하다,https://sillok.history.go.kr/id/kea_10003001_004,1
4878,문종실록,문종실록: 임금이 진관사 개축이 불가한 이유를 글로 지어 보이다,https://sillok.history.go.kr/id/kea_10003001_005,1
5632,문종실록,문종실록: 나이 70세 이상의 대신들에게 고기 먹는 것을 허락하다,https://sillok.history.go.kr/id/kea_10003001_006,1
4872,문종실록,문종실록: 좌헌납 황효원이 대자암 증축과 불경 조성의 불가함을 아뢰다,https://sillok.history.go.kr/id/kea_10003002_001,1
4913,선조실록,선조실록: 이황 등에게 명종의 행장을 수찬하게 하다,https://sillok.history.go.kr/id/kna_10007004_001,1
5709,선조실록,선조실록: 이황을 예판 겸 동지경연 춘추관사로 삼다,https://sillok.history.go.kr/id/kna_10007006_001,1
5726,선조실록,선조실록: 이황이 사면하고 돌아가다,https://sillok.history.go.kr/id/kna_10008001_001,1
5719,선조실록,선조실록: 좌의정 이명이 을축년 귀양간 사람들의 석방을 요구하다,https://sillok.history.go.kr/id/kna_10009001_001,1
5724,선조실록,선조실록: 이황에게 경연을 맡기기 위해 부르다,https://sillok.history.go.kr/id/kna_10010001_001,1
5717,선조실록,선조실록: 삼공이 무고한 자의 신원과 어진 선비의 발탁을 요구하다,https://sillok.history.go.kr/id/kna_10010005_001,1
4902,선조실록,선조실록: 삼공 이하가 죄를 받은 사람과 물러난 사람들을 서계하다,https://sillok.history.go.kr/id/kna_10010006_001,1
4908,선조실록,선조실록: 삼공 이하가 윤원형과 이기에게 모함·적몰당한 이들의 신원을 청하다,https://sillok.history.go.kr/id/kna_10010006_002,1
5705,선조실록,선조실록: 영의정 이준경이 신원할 사람들을 서계에 조목조목 쓰다,https://sillok.history.go.kr/id/kna_10010006_003,1
5693,선조실록,선조실록: 삼공이 이홍윤의 난으로 유신현으로 강등되었던 충주를 회복시키자고 청하다,https://sillok.history.go.kr/id/kna_10010012_001,1
4907,선조실록,선조실록: 이기의 아들 이원우가 장가갈 때 누가 사람의 머리에 이기라고 써서 보내다,https://sillok.history.go.kr/id/kna_10010012_002,1
5721,선조실록,선조실록: 송인수 등 5명을 제외하고 무고한 사람들을 풀어주다,https://sillok.history.go.kr/id/kna_10010012_003,1
5700,선조실록,선조실록: 유희춘·노수신·김난상·한주·이진·윤강원·이염·박민경 등을 방면 서용하다,https://sillok.history.go.kr/id/kna_10010012_004,1
5696,선조실록,선조실록: 유희춘·노수신 등을 방면하고 직접을 주는 내용의 전교,https://sillok.history.go.kr/id/kna_10010012_005,1
5703,선조실록,선조실록: 김난상·유희춘을 직강으로 삼다,https://sillok.history.go.kr/id/kna_10010012_006,1
4909,선조실록,선조실록: 을사년 이후에 죄를 받고 적몰당한 사람들을 신원하라는 전교,https://sillok.history.go.kr/id/kna_10010015_001,1
5695,선조실록,선조실록: 풍속을 격려하기 위해 청백리와 유일을 등용하라는 전교,https://sillok.history.go.kr/id/kna_10010015_002,1
5720,선조실록,선조실록: 유희춘이 권벌과 이언적이 누명을 벗은 것에 감격하다,https://sillok.history.go.kr/id/kna_10010015_003,1
5722,선조실록,선조실록: 허엽이 이황을 스승으로 모시라고 청하다,https://sillok.history.go.kr/id/kna_10010016_001,1
5723,선조실록,선조실록: 노수신과 김첨경을 홍문관 교리로 삼다,https://sillok.history.go.kr/id/kna_10010017_001,1
5707,선조실록,선조실록: 김홍윤·박소립·이진·기대승·윤근수·윤주 등에게 관직을 제수하다,https://sillok.history.go.kr/id/kna_10010023_001,1
4906,선조실록,선조실록: 상이 조강에서 《대학》을 강하고 기대승이 기묘년 이후의 시비를 가릴 것을 청하다,https://sillok.history.go.kr/id/kna_10010023_002,1
5712,선조실록,선조실록: 대신이 탐욕스런 풍조의 개혁을 청하고 대간이 심전·임복·이천수 등을 탄핵하다,https://sillok.history.go.kr/id/kna_10010024_001,1
5710,선조실록,선조실록: 경연에서 아뢰어 송인수와 임형수를 신원하고 적몰한 것을 돌려주다,https://sillok.history.go.kr/id/kna_10010030_001,1
5708,선조실록,선조실록: 민기·유희춘·박충원·유잠·박응남 등에게 관직을 제수하다,https://sillok.history.go.kr/id/kna_10010030_002,1
5714,선조실록,선조실록: 주강에 《대학》을 강하고 기대승이 《중용》과 《주역》을 통해 성학을 논하다,https://sillok.history.go.kr/id/kna_10011003_001,1
4903,선조실록,선조실록: 조강에서 《대학》을 강했는데 이황이 《소학》을 강조하며 기묘 사림을 기리다,https://sillok.history.go.kr/id/kna_10011004_001,1
5694,선조실록,선조실록: 석강에서 《예기》를 강하고 이황이 선조 생부에 대한 예가 어긋남을 지적하다,https://sillok.history.go.kr/id/kna_10011004_002,1
4912,선조실록,선조실록: 원상을 파했는데 이때 상은 공사를 자전에게 미루고 관직 제수만 관여하다,https://sillok.history.go.kr/id/kna_10011004_003,1
5713,선조실록,선조실록: 조강에서 민기 등이 입시하였는데 자전이 을사년 사림의 신원을 늦추자고 하다,https://sillok.history.go.kr/id/kna_10011005_001,1
5716,선조실록,선조실록: 허엽·유희춘·조정기·윤탁연·정언신·정사위 등이 야대하다,https://sillok.history.go.kr/id/kna_10011005_002,1
5698,선조실록,선조실록: 윤두수·이담·김난상·최정·구변·안자유·김계·정언지 등에게 관직을 제수하다,https://sillok.history.go.kr/id/kna_10011006_001,1
5699,선조실록,선조실록: 당시의 육조 당상관과 당하관의 명단,https://sillok.history.go.kr/id/kna_10011007_001,1
5718,선조실록,선조실록: 석강에 《예기》 상복 사제를 강했는데 이황이 설명하다,https://sillok.history.go.kr/id/kna_10011016_001,1
5704,선조실록,선조실록: 《대학》을 강했는데 이황·기대승이 진강하다,https://sillok.history.go.kr/id/kna_10011017_001,1
4900,선조실록,선조실록: 석강에서 《예기》 간전편을 강하고 기대승이 은전에서 누락된 사람의 신원을 청하다,https://sillok.history.go.kr/id/kna_10011019_001,1
4901,선조실록,선조실록: 을사년 안서순 사건에 대한 전교와 이준경·권철 등의 을사년 사건에 대한 상언,https://sillok.history.go.kr/id/kna_10011022_001,1
5701,선조실록,선조실록: 현인들의 정치 참여를 촉구하는 교지,https://sillok.history.go.kr/id/kna_10011022_002,1
5715,선조실록,선조실록: 나이 많은 현인에게 날씨가 따뜻해진 연후에 올라오라는 유지,https://sillok.history.go.kr/id/kna_10011022_003,1
4905,선조실록,선조실록: 양사가 김명윤을 탄핵하다,https://sillok.history.go.kr/id/kna_10012002_001,1
4910,선조실록,선조실록: 상이 비현각에서 소대하였는데 기대승이 《대학》과 《시경》을 설명하다,https://sillok.history.go.kr/id/kna_10012009_001,1
4911,선조실록,선조실록: 김명윤의 관직을 삭탈하라는 전교,https://sillok.history.go.kr/id/kna_10012023_001,1
5702,선조실록,선조실록: 조강에 《논어》 학이편을 강하고 기대승이 구언에 인색하지 말 것을 청하다,https://sillok.history.go.kr/id/kna_10101012_001,1
5706,선조실록,"선조실록: 주강에 《논어》를 강하고 기대승이 학교 진흥, 《소학》 장려 등을 권하다",https://sillok.history.go.kr/id/kna_10101012_002,1
5692,선조실록,선조실록: 기대승의 말에 따라 변절하지 않은 유희춘·노수신 등의 발탁을 명하는 전교,https://sillok.history.go.kr/id/kna_10101013_001,1
4904,선조실록,선조실록: 대신의 말에 따라 학교의 진흥을 위한 인재 등용을 선포하는 전교,https://sillok.history.go.kr/id/kna_10101014_001,1
5725,선조실록,선조실록: 조식과 성운을 부르는 전교,https://sillok.history.go.kr/id/kna_10101027_001,1
5697,선조실록,선조실록: 이황이 상소하여 치사를 청하자 회유하다,https://sillok.history.go.kr/id/kna_10101028_001,1
5711,선조실록,선조실록: 귀양갔다가 석방된 사람들을 당상직에 제수하는 정사를 논의하다,https://sillok.history.go.kr/id/kna_10102001_001,1
4914,선조실록,선조실록: 사헌부에서 이원린을 탄핵하다,https://sillok.history.go.kr/id/kna_10102001_002,1
4922,성종실록,성종실록: 예종이 돌아가시니 대비의 명에 의해 경복궁에서 즉위하다,https://sillok.history.go.kr/id/kia_10011028_001,1
5727,성종실록,성종실록: 노사신·서거정·김길통을 빈전 도감 제조로 삼다,https://sillok.history.go.kr/id/kia_10011028_002,1
5735,성종실록,"성종실록: 유사를 수릉관으로, 김결을 시릉 내시로, 옥산군 이제를 대전관으로 삼다",https://sillok.history.go.kr/id/kia_10011028_003,1
5744,성종실록,성종실록: 우참찬 홍응을 고부 청시사로 삼고 신천군 강곤을 청승습사로 삼다,https://sillok.history.go.kr/id/kia_10011028_004,1
5756,성종실록,성종실록: 종묘·영녕전·영창전·사직에 국상을 고하다,https://sillok.history.go.kr/id/kia_10011028_005,1
5755,성종실록,성종실록: 즉위를 종묘·영창전·영녕전·사직에 고하다,https://sillok.history.go.kr/id/kia_10011028_006,1
5737,성종실록,성종실록: 대왕 대비가 대행왕의 법석은 서평군 한계희의 말을 들어 행하도록 하다,https://sillok.history.go.kr/id/kia_10011028_007,1
5753,성종실록,성종실록: 저녁에 백관들이 사정전 밖에서 곡하고 봉위하다,https://sillok.history.go.kr/id/kia_10011028_008,1
5747,성종실록,성종실록: 궁성문과 여러 차비문의 파수를 근엄하게 할 것을 명하다,https://sillok.history.go.kr/id/kia_10011028_009,1
5728,성종실록,성종실록: 여러 승지와 원상들이 숙직하다,https://sillok.history.go.kr/id/kia_10011028_010,1
5742,성종실록,성종실록: 예조에서 대행 대왕의 장례를 세조의 예에 따라 시행할 것을 청하다,https://sillok.history.go.kr/id/kia_10011028_011,1
5746,성종실록,성종실록: 권감과 신숙주가 임금이 빈전에 나아가는 것에 대해 논하다,https://sillok.history.go.kr/id/kia_10011029_001,1
5741,성종실록,성종실록: 홍응을 대신하여 권감을 승습사로 삼고 송문림을 고부 청시사로 삼다,https://sillok.history.go.kr/id/kia_10011029_002,1
5754,성종실록,성종실록: 전라도의 포도 주장 박중선을 돌아오게 하다,https://sillok.history.go.kr/id/kia_10011029_003,1
5734,성종실록,성종실록: 빈전 도감·국장 도감·산릉 도감의 제조와 낭청을 줄여서 천거하라고 명하다,https://sillok.history.go.kr/id/kia_10011029_004,1
5758,성종실록,성종실록: 습의를 입히고 소렴을 하다,https://sillok.history.go.kr/id/kia_10011029_005,1
4915,성종실록,성종실록: 예조에서 야인들의 조회는 졸곡이 지난 후를 기다려 허락할 것을 청하다,https://sillok.history.go.kr/id/kia_10011029_006,1
5736,성종실록,성종실록: 형조에서 사면받을 사람들을 기록하여 아뢰니 이 일을 원상들에게 내리다,https://sillok.history.go.kr/id/kia_10011029_007,1
4924,성종실록,성종실록: 예조에 명하여 천안 군부인 한씨를 왕비로 일컫게 하다,https://sillok.history.go.kr/id/kia_10011029_008,1
5750,성종실록,성종실록: 중궁의 차비인을 잠정적으로 따로 설치하지 말도록 하다,https://sillok.history.go.kr/id/kia_10011029_009,1
4916,성종실록,성종실록: 원상들이 승습사가 선물을 가져가 한림 학사 진감에게 선물하게 할 것을 청하다,https://sillok.history.go.kr/id/kia_10011029_010,1
5729,성종실록,성종실록: 원상들이 호조에 겸판서를 설치할 것을 청하니 구치관을 임명하다,https://sillok.history.go.kr/id/kia_10011029_011,1
5740,성종실록,성종실록: 대왕 대비가 중궁과 빈전의 금은 기명을 새로 제조하지 말도록 명하다,https://sillok.history.go.kr/id/kia_10011029_012,1
4918,성종실록,성종실록: 대왕 대비가 두 대비전·중궁·수빈궁에 바치는 납촉을 졸곡까지 없애라고 명하다,https://sillok.history.go.kr/id/kia_10011029_013,1
4926,성종실록,성종실록: 해당 관사에 일러 수성궁 등 네 궁궐에 바치는 물품의 수를 기록하여 아뢰게 하다,https://sillok.history.go.kr/id/kia_10011029_014,1
5739,성종실록,성종실록: 빈전 도감에서 빈소를 권도(權道)로 남쪽을 머리로 삼을 것을 청하다,https://sillok.history.go.kr/id/kia_10011029_015,1
5743,성종실록,성종실록: 예조에 명하여 대행왕의 아들을 원자에서 왕자로 고쳐 부르게 하다,https://sillok.history.go.kr/id/kia_10011029_016,1
5752,성종실록,성종실록: 백관이 아침과 저녁에 의식에 따라 곡림(哭臨)하다,https://sillok.history.go.kr/id/kia_10011029_017,1
5757,성종실록,성종실록: 여러 원상과 승지들이 숙직하다,https://sillok.history.go.kr/id/kia_10011029_018,1
5749,성종실록,성종실록: 백관이 영창전에서 배제하고 사정전 문 밖에서 곡림하다,https://sillok.history.go.kr/id/kia_10012001_001,1
4917,성종실록,성종실록: 원상과 승지들이 대행왕의 병세를 아뢰지 않은 내의와 내시를 처벌할 것을 청하다,https://sillok.history.go.kr/id/kia_10012001_002,1
5738,성종실록,성종실록: 국가의 여러 일을 신숙주·한명회·구치관과 의논하여 처리하라고 이르다,https://sillok.history.go.kr/id/kia_10012001_003,1
5751,성종실록,성종실록: 손시에 전(奠)을 베풀고 백관이 배제하고 곡림하다,https://sillok.history.go.kr/id/kia_10012001_004,1
5730,성종실록,성종실록: 병조에 명하여 번상 군사들이 기거하는 장소를 보살펴 주게 하다,https://sillok.history.go.kr/id/kia_10012001_005,1
5732,성종실록,"성종실록: 대왕 대비가 한명회를 병조 겸판서로, 한계미를 이조 겸판서로 삼도록 명하다",https://sillok.history.go.kr/id/kia_10012001_006,1
4921,성종실록,성종실록: 왕자와 공주가 피접하는 곳에 군사 25인을 두어 숙직하게 하다,https://sillok.history.go.kr/id/kia_10012001_007,1
4925,성종실록,"성종실록: 신숙주·서거정 등을 국장 도감 제조로, 조석문·한백륜 등을 산릉 도감 제조로 삼다",https://sillok.history.go.kr/id/kia_10012001_008,1
5733,성종실록,성종실록: 평안동도의 절도사 이종생·이철견에게 청습습사 권감을 호위하는 일을 이르다,https://sillok.history.go.kr/id/kia_10012001_009,1
4929,성종실록,성종실록: 신숙주 등의 말에 따라 예조 낭관을 구타한 귀화인 낭장가로의 고신을 회수하다,https://sillok.history.go.kr/id/kia_10012001_010,1
5761,성종실록,성종실록: 저녁에 백관이 곡림하다,https://sillok.history.go.kr/id/kia_10012001_011,1
4919,성종실록,성종실록: 춘추관에서 옛 제도를 상고하여 장순빈·의경 세자·수빈의 칭호를 아뢰게 하다,https://sillok.history.go.kr/id/kia_10012002_001,1
4928,성종실록,성종실록: 예조에서 청승습사 등이 가지고 가는 방물의 물품과 수를 아뢰니 그대로 따르다,https://sillok.history.go.kr/id/kia_10012002_002,1
5745,성종실록,성종실록: 청승습사 권감과 고부 청시사 송문림 등에게 물품을 하사하다,https://sillok.history.go.kr/id/kia_10012002_003,1
5759,성종실록,성종실록: 아침과 저녁에 백관이 곡림하다,https://sillok.history.go.kr/id/kia_10012002_004,1
5760,성종실록,성종실록: 아침에 백관이 곡림하다,https://sillok.history.go.kr/id/kia_10012003_001,1
5748,성종실록,성종실록: 손시에 충순당에 빈소를 짓고 백관이 배제하고 곡림하다,https://sillok.history.go.kr/id/kia_10012003_002,1
4920,성종실록,성종실록: 대왕 대비가 대행왕이 예(睿)로써 시호를 삼도록 말했었다고 알리다,https://sillok.history.go.kr/id/kia_10012003_003,1
5731,성종실록,성종실록: 제사에 관계된 일은 세종 때의 일을 상고하여 시행하도록 명하다,https://sillok.history.go.kr/id/kia_10012003_004,1
4927,성종실록,성종실록: 사헌부 장령 박숭질이 대행왕의 병을 밖에 알리지 않은 김상진과 권찬을 논핵하다,https://sillok.history.go.kr/id/kia_10012003_005,1
4923,성종실록,성종실록: 사간원 정언 정극인이 유사를 수릉관으로 삼는 것은 마땅치 않다고 논하다,https://sillok.history.go.kr/id/kia_10012003_006,1
4937,세조실록,세조실록: 혜빈 양씨·상궁 박씨 등을 귀양보내다. 노산군이 세조에게 선위하다,https://sillok.history.go.kr/id/kga_10106111_001,1
5763,세조실록,"세조실록: 혜빈 양씨와 상궁 박씨의 가산을 적몰하고, 금성 대군 이유는 논하지 않다",https://sillok.history.go.kr/id/kga_10106111_002,1
4935,세조실록,세조실록: 노산군에게 전문을 올려 치사하고 잠저로 돌아오다,https://sillok.history.go.kr/id/kga_10106112_001,1
5780,세조실록,"세조실록: 가을철 강무를 정지하고, 각도에 명하여 매와 개를 바치게 하다",https://sillok.history.go.kr/id/kga_10106112_002,1
5764,세조실록,세조실록: 조유례를 광양으로 유배하다,https://sillok.history.go.kr/id/kga_10106112_003,1
4938,세조실록,세조실록: 경기 관찰사에게 명하여 금성 대군 이유를 후히 대접하도록 하다,https://sillok.history.go.kr/id/kga_10106112_004,1
5779,세조실록,세조실록: 인수부를 덕녕부로 고쳐서 노산군에 대한 공상을 담당하도록 하다,https://sillok.history.go.kr/id/kga_10106112_005,1
4932,세조실록,세조실록: 사간원에서 양씨·박씨와 이유·이전·이어 등을 법에 따라 처벌하도록 청하다,https://sillok.history.go.kr/id/kga_10106112_006,1
4943,세조실록,세조실록: 사헌부에서 김하를 예조 판서에 임명함은 부당함을 청하다,https://sillok.history.go.kr/id/kga_10106112_007,1
5775,세조실록,세조실록: 춘추관에 《문종실록》 속의 과실 지적 부분을 삭제하지 말도록 명하다,https://sillok.history.go.kr/id/kga_10106112_008,1
5782,세조실록,세조실록: 영의정 정인지 등이 이유 등을 법에 따라 처단하도록 청하다,https://sillok.history.go.kr/id/kga_10106112_009,1
4944,세조실록,세조실록: 《정관정요》등의 고정과 조회보는 일에 관하여 명하다,https://sillok.history.go.kr/id/kga_10106112_010,1
5784,세조실록,"세조실록: 서청에 납시어 정사를 보고, 종친 등에게 술을 내리다",https://sillok.history.go.kr/id/kga_10106113_001,1
4936,세조실록,세조실록: 예조 판서 김하와 형조 참판 우효강을 주문사로 임명하다,https://sillok.history.go.kr/id/kga_10106113_002,1
5778,세조실록,세조실록: 장령 최청강과 좌헌납 구종직 등이 김하와 이유 등의 죄를 청하다,https://sillok.history.go.kr/id/kga_10106113_003,1
5765,세조실록,세조실록: 개성부 유수 김연지 등 각도에서 전문을 올려 왕의 즉위를 하례하다,https://sillok.history.go.kr/id/kga_10106113_004,1
4933,세조실록,세조실록: 육조에서 이유의 고신을 거두고 변방으로 정배하기를 청하다,https://sillok.history.go.kr/id/kga_10106113_005,1
5785,세조실록,세조실록: 경연과 윤대에 대하여 도승지 신숙주에게 명하다,https://sillok.history.go.kr/id/kga_10106113_006,1
5772,세조실록,세조실록: 사헌부·의금부·형조에 명하여 도류자·부처자·안치자 등을 계달하도록 하다,https://sillok.history.go.kr/id/kga_10106113_007,1
4940,세조실록,세조실록: 경상도 가망포의 선군이 익사함에 부조하고 부역을 면제하다,https://sillok.history.go.kr/id/kga_10106113_008,1
5774,세조실록,세조실록: 영접 도감관 민해의 청으로 중국 사신 고보 등에게 겨울옷을 지급하다,https://sillok.history.go.kr/id/kga_10106113_009,1
5793,세조실록,세조실록: 경복궁에 나아가 노산군을 문안하다,https://sillok.history.go.kr/id/kga_10106114_001,1
5769,세조실록,세조실록: 사간원에서 이유의 죄를 청하고 김하는 육경의 직책을 맡길 수 없음을 청하다,https://sillok.history.go.kr/id/kga_10106114_002,1
4934,세조실록,세조실록: 사헌부에서 올린 이유 등의 죄를 청하는 상소,https://sillok.history.go.kr/id/kga_10106114_003,1
5773,세조실록,세조실록: 예조에 명하여 태묘에서 환궁할 때 산붕·나례·가요 등을 없애도록 하다,https://sillok.history.go.kr/id/kga_10106114_004,1
5777,세조실록,세조실록: 호조에 명하여 중외 관서의 포흠·모손 등 추징물을 면제하도록 하다,https://sillok.history.go.kr/id/kga_10106114_005,1
4941,세조실록,세조실록: 이조와 병조에 명하여 모든 관직자와 기로자 등을 가자하도록 하다,https://sillok.history.go.kr/id/kga_10106114_006,1
5771,세조실록,세조실록: 의정부에서 종묘·문소전 등에 올리는 축문 속의 호칭을 바로 잡도록 청하다,https://sillok.history.go.kr/id/kga_10106114_007,1
5766,세조실록,세조실록: 경복궁에 납시어 노산군과 함께 명나라 사신에게 잔치를 베풀다,https://sillok.history.go.kr/id/kga_10106115_001,1
5792,세조실록,세조실록: 사헌부에서 이유 등의 죄를 청하다,https://sillok.history.go.kr/id/kga_10106115_002,1
4930,세조실록,세조실록: 사간원에서 이유 등의 죄를 청하다,https://sillok.history.go.kr/id/kga_10106115_003,1
5776,세조실록,"세조실록: 경상도 의성현 사람 김을녀가 벼락에 맞아 죽으니, 해괴제를 행하다",https://sillok.history.go.kr/id/kga_10106115_004,1
5770,세조실록,세조실록: 예조에서 상왕의 탄일 등에 각도에서 올리는 전문·방물을 면제하도록 청하다,https://sillok.history.go.kr/id/kga_10106115_005,1
5788,세조실록,세조실록: 영의정 정인지 등이 이유 등의 죄를 청하다,https://sillok.history.go.kr/id/kga_10106116_001,1
5794,세조실록,세조실록: 경연에 나아가 《송원절요》를 강독하다,https://sillok.history.go.kr/id/kga_10106116_002,1
5781,세조실록,"세조실록: 이어를 아산으로, 이전을 안성으로, 정종을 양근으로 이배하다",https://sillok.history.go.kr/id/kga_10106116_003,1
5791,세조실록,세조실록: 명나라 사신 고보가 정대업에 대하여 묻다,https://sillok.history.go.kr/id/kga_10106116_004,1
4931,세조실록,세조실록: 대간이 이유 등의 죄를 청하다,https://sillok.history.go.kr/id/kga_10106116_005,1
5790,세조실록,세조실록: 일본국 대마도의 종성직이 토산물을 바치다,https://sillok.history.go.kr/id/kga_10106116_006,1
5767,세조실록,세조실록: 경상도 관찰사가 유포와 웅천에 책을 설치하고 가을에 성을 쌓도록 청하다,https://sillok.history.go.kr/id/kga_10106116_007,1
5762,세조실록,세조실록: 공주의 병으로 인하여 정종을 돌아오게 하다,https://sillok.history.go.kr/id/kga_10106117_001,1
5795,세조실록,세조실록: 경복궁에 나아가 노산군에게 문안하다,https://sillok.history.go.kr/id/kga_10106117_002,1
5787,세조실록,세조실록: 영의정 정인지 등이 이유 등의 죄를 청하다,https://sillok.history.go.kr/id/kga_10106117_003,1
4939,세조실록,세조실록: 판돈녕부사 송현수가 시장 점포에서 나쁜 쌀을 못 쓰도록 윤대에서 청하다,https://sillok.history.go.kr/id/kga_10106117_004,1
5789,세조실록,세조실록: 대간에서 합사하여 이유 등의 죄를 청하다,https://sillok.history.go.kr/id/kga_10106117_005,1
5783,세조실록,세조실록: 경연에 집현전 이원만 진강하게 하고 간관의 참여를 금하다,https://sillok.history.go.kr/id/kga_10106117_006,1
5786,세조실록,세조실록: 사간원의 청으로 대간의 경연 참여를 허락하다,https://sillok.history.go.kr/id/kga_10106117_007,1
5796,세조실록,세조실록: 햇무리가 지다,https://sillok.history.go.kr/id/kga_10106118_001,1
5768,세조실록,세조실록: 사헌부와 사간원에서 이유 등의 죄를 청하였으나 윤허하지 않자 모두 사직하다,https://sillok.history.go.kr/id/kga_10106118_002,1
4942,세조실록,세조실록: 사헌부에 명하여 일이 많을 때는 경연에 참여하지 말도록 하다,https://sillok.history.go.kr/id/kga_10106118_003,1
4945,세종실록,세종실록: 근정전에서 즉위 교서를 반포하다,https://sillok.history.go.kr/id/kda_10008011_001,1
4946,세종실록,세종실록: 예조에서 상왕전에 전(箋)을 올리는 절차를 아뢰다. 임금이 본궁으로 돌아오다,https://sillok.history.go.kr/id/kda_10008011_002,1
5797,세종실록,세종실록: 세자의 사빈을 겸했던 박은·이원·유창 등에게 관직을 제수하다,https://sillok.history.go.kr/id/kda_10008011_003,1
5827,세종실록,세종실록: 전위를 받았음을 종묘에 고하다,https://sillok.history.go.kr/id/kda_10008012_001,1
5799,세종실록,세종실록: 당상관들과 의논하여 관직을 제수하다,https://sillok.history.go.kr/id/kda_10008012_002,1
5814,세종실록,세종실록: 상왕과 대비에게 책보 올리는 일을 위해 봉숭 도감을 설치하다,https://sillok.history.go.kr/id/kda_10008012_003,1
5816,세종실록,"세종실록: 사도를 별사엄, 좌패를 좌금위, 우패를 우금위로 고치다",https://sillok.history.go.kr/id/kda_10008012_004,1
5819,세종실록,세종실록: 지경연·동지 경연·시강관 1명씩을 더 두기로 하다,https://sillok.history.go.kr/id/kda_10008012_005,1
5813,세종실록,"세종실록: 새로 가설한 좌군 신사를 용분, 우군 신사를 호아라고 칭하다",https://sillok.history.go.kr/id/kda_10008012_006,1
5804,세종실록,세종실록: 상왕과 대비에게 각도에서 바치는 진상과 사은 숙배 등을 예전대로 하게 하다,https://sillok.history.go.kr/id/kda_10008012_007,1
5800,세종실록,세종실록: 좌금위·우금위·사금·내금위·내시위의 절제사들을 임명하다,https://sillok.history.go.kr/id/kda_10008012_008,1
4951,세종실록,세종실록: 중국에 전위한 일을 아뢸 사은 주문사를 구성하다,https://sillok.history.go.kr/id/kda_10008013_001,1
5824,세종실록,세종실록: 종묘 제실과 능묘에서 왕 자신을 일컫는 호칭,https://sillok.history.go.kr/id/kda_10008013_002,1
4950,세종실록,세종실록: 영돈녕·영의정·대간을 불러 중국에 전위한 일을 알리는 방법을 의논하다,https://sillok.history.go.kr/id/kda_10008014_001,1
5806,세종실록,세종실록: 상왕전 문안을 이유로 예를 갖춘 거둥과 보통 거둥을 구분하도록 명하다,https://sillok.history.go.kr/id/kda_10008014_002,1
4948,세종실록,세종실록: 유구 국왕의 아들이 사람을 보내어 단목·백반 등을 바치다,https://sillok.history.go.kr/id/kda_10008014_003,1
5818,세종실록,세종실록: 왜인 사정 표사귀가 동철장(銅鐵匠)을 데리고 오다,https://sillok.history.go.kr/id/kda_10008014_004,1
4955,세종실록,세종실록: 상왕께 내자시와 내섬시 둘 것을 아뢰었으나 상왕은 속고(屬庫)를 두게 하다,https://sillok.history.go.kr/id/kda_10008014_005,1
5825,세종실록,세종실록: 중궁의 호를 검비로 정했다가 공비로 고치다,https://sillok.history.go.kr/id/kda_10008014_006,1
5810,세종실록,세종실록: 사복시에서 가뭄을 이유로 목장을 당진 맹곶으로 옮기기를 청하다,https://sillok.history.go.kr/id/kda_10008014_007,1
5809,세종실록,세종실록: 대마도 경차관 이예가 무쇠로 화통 완구를 만들어 볼 것을 아뢰다,https://sillok.history.go.kr/id/kda_10008014_008,1
5815,세종실록,세종실록: 예조에서 태 봉안을 위해 태실 도감을 설치할 것을 아뢰다,https://sillok.history.go.kr/id/kda_10008014_009,1
5808,세종실록,세종실록: 소격전에서 왕이 즉위한 해의 직성을 찾아 초례 지낼 것을 청하다,https://sillok.history.go.kr/id/kda_10008014_010,1
4952,세종실록,세종실록: 상왕이 친히 건원릉에 나아가 추석제를 행하고 전위를 고유하다,https://sillok.history.go.kr/id/kda_10008015_001,1
5801,세종실록,세종실록: 상왕의 행차에 이종무 등을 보내어 시위케 하고 주찬을 바치게 하다,https://sillok.history.go.kr/id/kda_10008015_002,1
5812,세종실록,세종실록: 예조에서 상왕의 전지(傳旨)를 선지(宣旨)로 할 것을 청하다,https://sillok.history.go.kr/id/kda_10008015_003,1
4959,세종실록,세종실록: 양녕 대군에게 주육과 면포 등을 주다,https://sillok.history.go.kr/id/kda_10008015_004,1
4958,세종실록,세종실록: 순승부를 인수부로 고쳐 상왕전에 소속시키고 새로 경창부를 설치하다,https://sillok.history.go.kr/id/kda_10008015_005,1
5798,세종실록,세종실록: 안천보·이지·홍여방·우균 등에게 관직을 제수하다,https://sillok.history.go.kr/id/kda_10008015_006,1
5807,세종실록,세종실록: 임금이 상왕전에 갔다가 노상왕전에 가다. 공정왕을 노상왕이라 일컫다,https://sillok.history.go.kr/id/kda_10008016_001,1
4953,세종실록,"세종실록: 상왕이 박신에게는 창덕궁 역사의 조속한 준공을, 하연에게는 구휼에 대해 이르다",https://sillok.history.go.kr/id/kda_10008016_002,1
5821,세종실록,"세종실록: 김여지를 청승습 주문사, 한장수를 사은사로 삼다",https://sillok.history.go.kr/id/kda_10008016_003,1
5811,세종실록,세종실록: 교수관 만호 등에 새로 제수된 지방인의 하직 절차를 면제하다,https://sillok.history.go.kr/id/kda_10008016_004,1
5817,세종실록,세종실록: 삼군 도사 세사람에게 의건부 직임을 나누어 맡게 하다,https://sillok.history.go.kr/id/kda_10008016_005,1
5830,세종실록,세종실록: 정사를 보다,https://sillok.history.go.kr/id/kda_10008017_001,1
4947,세종실록,세종실록: 사헌부에서 도망간 죄인의 부모나 처자를 고문하는 것에 대해 아뢰다,https://sillok.history.go.kr/id/kda_10008017_002,1
5828,세종실록,세종실록: 노상왕이 광진원에 거둥하다,https://sillok.history.go.kr/id/kda_10008017_003,1
4957,세종실록,세종실록: 호조에서 여러 도의 손실(損實) 답사를 수령과 위관이 함께 하도록 아뢰다,https://sillok.history.go.kr/id/kda_10008017_004,1
5802,세종실록,세종실록: 상왕전과 노상왕전 문 앞에 하마패를 세우게 하다,https://sillok.history.go.kr/id/kda_10008017_005,1
5805,세종실록,"세종실록: 평안도 관찰사는 박천성의 이전을, 황해도 관찰사는 옹진성의 이전을 청하다",https://sillok.history.go.kr/id/kda_10008017_006,1
4949,세종실록,세종실록: 상왕전에 나아가 헌수하고 대신 종친들과 함께 잔치를 모시다,https://sillok.history.go.kr/id/kda_10008018_001,1
5826,세종실록,세종실록: 병조에서 선지를 받들어 취각령을 정하다,https://sillok.history.go.kr/id/kda_10008018_002,1
5831,세종실록,세종실록: 정사를 보다,https://sillok.history.go.kr/id/kda_10008019_001,1
5820,세종실록,세종실록: 즉위하였으므로 문무과를 실시하기를 청하니 따르다,https://sillok.history.go.kr/id/kda_10008019_002,1
5822,세종실록,세종실록: 전곡의 회계·마적·군적도 상왕전에 올리게 하다,https://sillok.history.go.kr/id/kda_10008019_003,1
5823,세종실록,세종실록: 형조 판서 윤향에게 소도공이란 시호를 내리다,https://sillok.history.go.kr/id/kda_10008019_004,1
5829,세종실록,세종실록: 전라도 대굴포의 바닷물이 붉어지다,https://sillok.history.go.kr/id/kda_10008019_005,1
4956,세종실록,세종실록: 왜변이 뜸하여 거제와 남해로 들어간 백성들을 목책을 설치하여 보호케 하다,https://sillok.history.go.kr/id/kda_10008019_006,1
5803,세종실록,세종실록: 경창부에 지인(知印) 30인을 두도록 하다,https://sillok.history.go.kr/id/kda_10008019_007,1
4954,세종실록,세종실록: 한성부에서 죽은 관청 노비를 조사하는 방법과 미아(迷兒) 처리 문제를 아뢰다,https://sillok.history.go.kr/id/kda_10008019_008,1
4986,숙종실록,숙종실록: 현종 대왕이 승하하다,https://sillok.history.go.kr/id/ksa_10008018_001,1
4989,숙종실록,숙종실록: 대상의 제사에 올리는 물품에 대한 중궁의 교지,https://sillok.history.go.kr/id/ksa_10008019_001,1
5875,숙종실록,숙종실록: 허적을 원상으로 삼다,https://sillok.history.go.kr/id/ksa_10008019_002,1
4977,숙종실록,숙종실록: 초상에 사용할 의대의 준비에 대한 중궁의 교지,https://sillok.history.go.kr/id/ksa_10008019_003,1
4985,숙종실록,숙종실록: 예조에서 국상 때의 복식을 상고해 올리다,https://sillok.history.go.kr/id/ksa_10008019_004,1
5891,숙종실록,숙종실록: 염습에 삼공과 예조 판서·승지·사관이 입시하다,https://sillok.history.go.kr/id/ksa_10008019_005,1
5887,숙종실록,숙종실록: 김수항 등에게 빈전·국장·산릉 도감의 직책을 제수하다,https://sillok.history.go.kr/id/ksa_10008019_006,1
5884,숙종실록,숙종실록: 의장을 소색(素色)으로 정했다가 길색도 사용하기로 하다,https://sillok.history.go.kr/id/ksa_10008020_001,1
4982,숙종실록,숙종실록: 왕세자가 예조에서 올린 사위 절목을 다시 내려 보내다,https://sillok.history.go.kr/id/ksa_10008020_002,1
5874,숙종실록,숙종실록: 소렴에 대신 이하가 참관하다,https://sillok.history.go.kr/id/ksa_10008020_003,1
4981,숙종실록,숙종실록: 소렴전에 유밀과를 잘못 올린 내섬시 관원과 빈전 도감의 당상관 등을 추고하다,https://sillok.history.go.kr/id/ksa_10008020_004,1
5869,숙종실록,숙종실록: 왕세자가 사위하는 절목을 다시 돌려 보내다,https://sillok.history.go.kr/id/ksa_10008021_001,1
5871,숙종실록,숙종실록: 왕세자가 송시열을 원상으로 삼고자 하다,https://sillok.history.go.kr/id/ksa_10008021_002,1
5868,숙종실록,숙종실록: 예조에서 삭망의 분향을 거행할 것을 청하다,https://sillok.history.go.kr/id/ksa_10008021_003,1
5870,숙종실록,숙종실록: 삼공이 다시 사위하기를 청했으나 사양하다,https://sillok.history.go.kr/id/ksa_10008021_004,1
5898,숙종실록,숙종실록: 대렴을 의식대로 행하다,https://sillok.history.go.kr/id/ksa_10008022_001,1
4983,숙종실록,숙종실록: 대신이 왕세자의 사위를 대왕 대비와 중궁전에 청하다,https://sillok.history.go.kr/id/ksa_10008022_002,1
5873,숙종실록,숙종실록: 왕세자가 사위할 것을 허락하다,https://sillok.history.go.kr/id/ksa_10008022_003,1
5896,숙종실록,숙종실록: 예조에서 사위하는 날을 정하여 올리다,https://sillok.history.go.kr/id/ksa_10008022_004,1
4980,숙종실록,숙종실록: 왕세자의 즉위 교서,https://sillok.history.go.kr/id/ksa_10008023_001,1
5880,숙종실록,숙종실록: 승정원에서 원상의 직무가 끝났다고 아뢰었으나 계속하도록 명하다,https://sillok.history.go.kr/id/ksa_10008023_002,1
4975,숙종실록,숙종실록: 송시열의 등용을 청하는 성균관 유생 이심의 상소,https://sillok.history.go.kr/id/ksa_10008023_003,1
5872,숙종실록,숙종실록: 내의 이동형 등 4인을 유배보내다,https://sillok.history.go.kr/id/ksa_10008023_004,1
5889,숙종실록,숙종실록: 대간이 아뢴 전 영의정 김수흥 등의 부처를 중지하다,https://sillok.history.go.kr/id/ksa_10008023_005,1
5886,숙종실록,숙종실록: 윤번 입직하는 예를 기해년의 전례에 따르도록 전교하다,https://sillok.history.go.kr/id/ksa_10008023_006,1
5876,숙종실록,숙종실록: 예조에서 국상 기간 동안 진하와 진전하는 일을 중지하도록 청하다,https://sillok.history.go.kr/id/ksa_10008023_007,1
4978,숙종실록,숙종실록: 대행 대왕의 시호와 묘호·능호 등을 올리다,https://sillok.history.go.kr/id/ksa_10008024_001,1
5893,숙종실록,숙종실록: 어압에 새길 글자 ‘수(守)’ 자로 정하다,https://sillok.history.go.kr/id/ksa_10008024_002,1
5888,숙종실록,"숙종실록: 청평위 심익현을 사은 정사로, 민시중을 부사로 삼다",https://sillok.history.go.kr/id/ksa_10008024_003,1
5883,숙종실록,숙종실록: 가주서 이윤을 보내어 송시열을 서울로 들어 오도록 하다,https://sillok.history.go.kr/id/ksa_10008024_004,1
5895,숙종실록,숙종실록: 혼전을 창경궁 안의 환경전으로 정하다,https://sillok.history.go.kr/id/ksa_10008025_001,1
5867,숙종실록,숙종실록: 삼공이 졸곡 전 대소 향사의 정지를 청하다,https://sillok.history.go.kr/id/ksa_10008025_002,1
4979,숙종실록,숙종실록: 입대를 청하는 원상을 여차에서 인견하다,https://sillok.history.go.kr/id/ksa_10008025_003,1
5879,숙종실록,숙종실록: 재궁에 옻칠할 때 2품 이상과 육조·양사의 장관들로 입시하게 하다,https://sillok.history.go.kr/id/ksa_10008025_004,1
5890,숙종실록,숙종실록: 장단에 우박이 내리고 개성부에 폭풍과 천둥이 치다,https://sillok.history.go.kr/id/ksa_10008025_005,1
5892,숙종실록,숙종실록: 8도의 승군을 징발하여 산릉에 부역토록 하다,https://sillok.history.go.kr/id/ksa_10008027_001,1
5877,숙종실록,숙종실록: 전함 3품 이하 관원의 복제를 예조에서 아뢰다,https://sillok.history.go.kr/id/ksa_10008027_002,1
5899,숙종실록,숙종실록: 천둥과 번개가 치다,https://sillok.history.go.kr/id/ksa_10008028_001,1
4984,숙종실록,숙종실록: 결원이 있는 양사의 관직을 임시로 제수하다,https://sillok.history.go.kr/id/ksa_10008028_002,1
4987,숙종실록,숙종실록: 총호사가 각 아문과 각영의 미포와 은자를 모군의 부역 대가로 줄 것을 아뢰니 허락하다,https://sillok.history.go.kr/id/ksa_10008028_003,1
5900,숙종실록,숙종실록: 우박이 내리다,https://sillok.history.go.kr/id/ksa_10008029_001,1
5881,숙종실록,숙종실록: 약방 제조 허적 등이 왕에게 권도에 따라 약드시기를 청하다,https://sillok.history.go.kr/id/ksa_10008030_001,1
5894,숙종실록,숙종실록: 승정원에서 다시 권도에 따를 것을 청하다,https://sillok.history.go.kr/id/ksa_10008030_002,1
5897,숙종실록,숙종실록: 임금이 빈전에서 삭전을 거행하다,https://sillok.history.go.kr/id/ksa_10009001_001,1
5882,숙종실록,숙종실록: 대신이 권도에 따라 약드실 것을 청하였으나 허락하지 않다,https://sillok.history.go.kr/id/ksa_10009001_002,1
5885,숙종실록,숙종실록: 사위한 뒤의 진하 방물은 두 자전에만 올리도록 명하다,https://sillok.history.go.kr/id/ksa_10009001_003,1
4988,숙종실록,숙종실록: 졸곡 전이라도 훈련 별대가 연습하도록 허락하다,https://sillok.history.go.kr/id/ksa_10009001_004,1
5878,숙종실록,숙종실록: 대왕 대비가 약방에 내린 언서에서 임금이 권도에 따르게 되었음을 알리다,https://sillok.history.go.kr/id/ksa_10009002_001,1
4976,숙종실록,숙종실록: 영부사 송시열에게 능지를 지어 올리도록 명하다,https://sillok.history.go.kr/id/ksa_10009002_002,1
7274,숙종실록,숙종실록: 영의정 허적이 청국 사신을 맞이하여 음악을 쓸 때 왕이 피하도록 권하다,https://sillok.history.go.kr/id/ksa_10009008_003,1
7275,숙종실록,숙종실록: 산릉을 건원릉 안의 혈을 사용하도록 결정하다,https://sillok.history.go.kr/id/ksa_10009013_001,1
7276,숙종실록,숙종실록: 영부사 송시열이 견벌을 청하다,https://sillok.history.go.kr/id/ksa_10009014_004,1
7277,숙종실록,숙종실록: 이조 참의 이단하에게 대행 대왕의 시장과 행장을 지어 올리도록 하다,https://sillok.history.go.kr/id/ksa_10009017_003,1
7278,숙종실록,숙종실록: 이무·김만중·오정위·김석주 등에게 새 관직을 제수하다,https://sillok.history.go.kr/id/ksa_10009020_001,1
7279,숙종실록,숙종실록: 각도·각읍의 순영에 모속된 장인을 면직시키고 아약으로 대신 보충하다,https://sillok.history.go.kr/id/ksa_10009024_004,1
7280,숙종실록,숙종실록: 유생 곽세건이 송시열에게 지문을 지어 올리도록 내린 명을 거두어 달라는 상소,https://sillok.history.go.kr/id/ksa_10009025_002,1
7281,숙종실록,숙종실록: 좌의정 김수항이 곽세건의 상소가 자신의 형을 배척한 것이라 하여 사직을 청하다,https://sillok.history.go.kr/id/ksa_10009026_004,1
7282,숙종실록,숙종실록: 대사헌 민시중과 지평 신완이 곽세건의 국문을 청하자 정지할 것을 명하다,https://sillok.history.go.kr/id/ksa_10009028_001,1
7283,숙종실록,숙종실록: 이헌·강백년·유송제·신석번·권개·이수언 등에게 관직을 제수하다,https://sillok.history.go.kr/id/ksa_10010002_002,1
7284,숙종실록,숙종실록: 사헌부에서 곽세건의 원찬을 청하였으나 허락하지 아니하다,https://sillok.history.go.kr/id/ksa_10010004_001,1
7285,숙종실록,숙종실록: 교리 신후재 등이 청대하여 경연을 자주 열 것과 곽세건의 상소에 대하여 논하다,https://sillok.history.go.kr/id/ksa_10010005_003,1
7286,숙종실록,숙종실록: 의관과 역관 등에게 증직한 벼슬을 전부 환수하다,https://sillok.history.go.kr/id/ksa_10010006_004,1
7287,숙종실록,숙종실록: 대사간 윤심을 출사하고 정언 이우정을 체차하다,https://sillok.history.go.kr/id/ksa_10010008_003,1
7288,숙종실록,숙종실록: 집의 조세환·장령 조이명 등이 체직되다,https://sillok.history.go.kr/id/ksa_10010010_002,1
7289,숙종실록,숙종실록: 최후상·안후·김만중·홍만종 등에게 관직을 제수하다,https://sillok.history.go.kr/id/ksa_10010012_001,1
7290,숙종실록,숙종실록: 장령 안후가 곽세건의 귀양을 청하였으나 대답하지 아니하다,https://sillok.history.go.kr/id/ksa_10010017_002,1
7291,숙종실록,숙종실록: 이조 참판 남구만을 면직하다,https://sillok.history.go.kr/id/ksa_10010020_002,1
7292,숙종실록,숙종실록: 이익·이지익·최후상·윤지완·정익 등에게 관직을 제수하다,https://sillok.history.go.kr/id/ksa_10010021_001,1
7293,숙종실록,숙종실록: 2품 이상을 별천하는 단자를 계하하다,https://sillok.history.go.kr/id/ksa_10010022_003,1
7294,숙종실록,숙종실록: 정언 조종저가 곽세건을 원찬하고 파직된 이수언 등을 환수할 것을 상소하다,https://sillok.history.go.kr/id/ksa_10010025_002,1
7295,숙종실록,숙종실록: 정석·조세환·송최·이우정 등에게 관직을 제수하다,https://sillok.history.go.kr/id/ksa_10010028_002,1
7296,숙종실록,숙종실록: 상소를 올린 유생 이필익을 경원에 유배하다,https://sillok.history.go.kr/id/ksa_10010029_002,1
7297,숙종실록,숙종실록: 이단하가 지어 올린 대행왕의 행장을 다시 고쳐 쓰게 하다,https://sillok.history.go.kr/id/ksa_10011001_002,1
7298,숙종실록,숙종실록: 황해도 관찰사 윤계가 역로 유민들에게 징포한 것은 객사의 수용에 쓰도록 요청하다,https://sillok.history.go.kr/id/ksa_10011005_004,1
7299,숙종실록,숙종실록: 임금이 공관한 성균 유생들에게 다시 들어가도록 유시를 내리다,https://sillok.history.go.kr/id/ksa_10011011_002,1
7300,숙종실록,숙종실록: 대신과 비국의 신하를 인견하여 청의 청병과 해구 방어 및 성지 수축 등을 논하다,https://sillok.history.go.kr/id/ksa_10011013_001,1
7301,숙종실록,숙종실록: 경차관 박상형의 모상에 부물을 내리다,https://sillok.history.go.kr/id/ksa_10011017_001,1
7302,숙종실록,숙종실록: 관학 유생 이징명 등이 이필익과 이윤악에게 죄준 것이 잘못임을 알리는 상소,https://sillok.history.go.kr/id/ksa_10011020_004,1
7303,숙종실록,숙종실록: 예조에서 발인 날 왕의 하직 인사에 대한 의례 절차를 올리다,https://sillok.history.go.kr/id/ksa_10011023_001,1
7304,숙종실록,숙종실록: 민신의 일로 교외에서 들어 오지 아니하는 김수항을 승지를 보내어 들어오게 하다,https://sillok.history.go.kr/id/ksa_10011024_001,1
7305,숙종실록,숙종실록: 형조 판서 오정위가 북한 산성의 수축을 청하는 차자를 올리다,https://sillok.history.go.kr/id/ksa_10011026_002,1
7306,숙종실록,숙종실록: 지문·행장 등의 개수에 대하여 이단하와 논의하다,https://sillok.history.go.kr/id/ksa_10011030_001,1
7307,숙종실록,숙종실록: 인선 왕후 초상에 공주의 3년 복이 합당한지를 의논하다,https://sillok.history.go.kr/id/ksa_10012006_002,1
7308,숙종실록,숙종실록: 자전이 반우할 때 교외에서 지영한다는 언서를 약방에 내리다,https://sillok.history.go.kr/id/ksa_10012009_001,1
7309,숙종실록,숙종실록: 돈화문 밖 막차에 나아가 영여가 지날 때 곡하고 사배례를 행하다,https://sillok.history.go.kr/id/ksa_10012011_001,1
7310,숙종실록,숙종실록: 효경전에서 사우제를 행하다,https://sillok.history.go.kr/id/ksa_10012018_001,1
7311,숙종실록,숙종실록: 사헌부에서 대왕 대비의 복제를 논한 신하들의 체직을 요청하다,https://sillok.history.go.kr/id/ksa_10012018_005,1
7312,숙종실록,숙종실록: 안진·최관·정중휘·박원도·이지익 등에게 관직을 제수하다,https://sillok.history.go.kr/id/ksa_10012020_002,1
7313,숙종실록,숙종실록: 정언 박원도를 체직하다,https://sillok.history.go.kr/id/ksa_10012022_001,1
7314,숙종실록,숙종실록: 원상의 파출을 허락하다,https://sillok.history.go.kr/id/ksa_10012025_005,1
7315,숙종실록,숙종실록: 김강·남중유·유세철 등의 유벌 내용을 하문하다,https://sillok.history.go.kr/id/ksa_10012029_001,1
7316,숙종실록,숙종실록: 경사전에서 정조제를 지내고 효경전에 전알하다,https://sillok.history.go.kr/id/ksa_10101001_001,1
7317,숙종실록,숙종실록: 이홍연·이유태·허목·김우석에게 관직을 제수하다,https://sillok.history.go.kr/id/ksa_10101002_003,1
7318,숙종실록,숙종실록: 병조 판서 이상진이 송시열을 변호하는 차자를 올리다,https://sillok.history.go.kr/id/ksa_10101005_003,1
7319,숙종실록,숙종실록: 대사성 남구만이 사직 상소를 올리다,https://sillok.history.go.kr/id/ksa_10101006_002,1
7320,숙종실록,숙종실록: 옥당관을 소대하여 《강목》을 강독하다,https://sillok.history.go.kr/id/ksa_10101009_001,1
7321,숙종실록,숙종실록: 별중일 시재를 관례에 따라 궐내에서 행하다,https://sillok.history.go.kr/id/ksa_10101010_002,1
7322,숙종실록,숙종실록: 주강에 나아가 특진관의 말을 믿고 송시열의 귀양을 명하다,https://sillok.history.go.kr/id/ksa_10101012_001,1
7323,숙종실록,숙종실록: 김수항이 사직을 청하는 상소를 올렸으나 왕이 인견하고 허락하지 아니하다,https://sillok.history.go.kr/id/ksa_10101013_004,1
7324,숙종실록,숙종실록: 병조 판서 이상진이 송시열의 석방을 청하는 상소를 올리다,https://sillok.history.go.kr/id/ksa_10101015_005,1
4996,순조실록,순조실록: 창덕궁 인정문에서 즉위하다,https://sillok.history.go.kr/id/kwa_10007004_001,1
4995,순조실록,순조실록: 등극 반교문,https://sillok.history.go.kr/id/kwa_10007004_002,1
4994,순조실록,순조실록: 수렴 청정 반교문,https://sillok.history.go.kr/id/kwa_10007004_003,1
5902,순조실록,순조실록: 생기(省記)된 사람은 철직하고 원상은 직숙하라 명하다,https://sillok.history.go.kr/id/kwa_10007004_004,1
4999,순조실록,"순조실록: 대왕 대비가 윤행임을 도승지로, 박준원을 어영 대장으로, 황인점 등을 종척의 집사로 삼다",https://sillok.history.go.kr/id/kwa_10007004_005,1
5001,순조실록,순조실록: 대왕 대비가 심환지를 영의정으로 이시수를 좌의정으로 서용보를 우의정으로 삼다,https://sillok.history.go.kr/id/kwa_10007004_006,1
5907,순조실록,순조실록: 대왕 대비가 이만수를 예조 판서로 이득신을 공조 판서로 삼다,https://sillok.history.go.kr/id/kwa_10007004_007,1
5914,순조실록,"순조실록: 이조에서 총호사, 빈전 도감 제조 등을 추천하다",https://sillok.history.go.kr/id/kwa_10007004_008,1
4992,순조실록,순조실록: 동춘추 정상우 등을 강화의 사고에 보내 수렴의 의절을 조사하게 하다,https://sillok.history.go.kr/id/kwa_10007004_009,1
5911,순조실록,"순조실록: 대왕 대비가 홍용한, 홍준한 등을 종척의 집사로 삼다",https://sillok.history.go.kr/id/kwa_10007004_010,1
5917,순조실록,순조실록: 원상 심환지가 좌의정·우의정의 직숙을 건의하다,https://sillok.history.go.kr/id/kwa_10007004_011,1
5000,순조실록,순조실록: 헌부에서 내의 강명길·피재길 등을 탄핵하다,https://sillok.history.go.kr/id/kwa_10007004_012,1
5922,순조실록,순조실록: 간원에서 내의 강명길·심인 등을 탄핵하다,https://sillok.history.go.kr/id/kwa_10007004_013,1
5935,순조실록,순조실록: 윤행임을 선혜청 제조로 삼다,https://sillok.history.go.kr/id/kwa_10007004_014,1
5916,순조실록,순조실록: 승지와 사관 등은 조전·석전에 참여하라 명하다,https://sillok.history.go.kr/id/kwa_10007005_001,1
5002,순조실록,순조실록: 대간들이 피혐하다. 이재학·이조승·이익운 등에게 관직을 제수하다,https://sillok.history.go.kr/id/kwa_10007005_002,1
5903,순조실록,순조실록: 빈청에서 대행 대왕의 시호를 정하다,https://sillok.history.go.kr/id/kwa_10007006_001,1
5909,순조실록,순조실록: 대신과 산릉 당상 서유린·예조 판서 이만수 등을 소견하다,https://sillok.history.go.kr/id/kwa_10007007_001,1
5925,순조실록,순조실록: 약방 제조에게 본원에서 직숙하라 명하다,https://sillok.history.go.kr/id/kwa_10007008_001,1
5931,순조실록,순조실록: 약방에서 수요 수라를 진어할 것을 건의하다,https://sillok.history.go.kr/id/kwa_10007008_002,1
5913,순조실록,순조실록: 약원·정원·빈청에서 상선을 진어할 것을 건의하다,https://sillok.history.go.kr/id/kwa_10007009_001,1
5915,순조실록,순조실록: 김조순을 장용 대장으로 신대현을 총융사로 삼다,https://sillok.history.go.kr/id/kwa_10007010_001,1
5004,순조실록,순조실록: 도승지 윤행임·산릉 당상 서유린·예조 판서 이만수 등을 소견하다,https://sillok.history.go.kr/id/kwa_10007010_002,1
5918,순조실록,순조실록: 대신이 백관을 거느리고 복선할 것을 요청하다,https://sillok.history.go.kr/id/kwa_10007011_001,1
5924,순조실록,순조실록: 영군과 궐내에 입직한 군병을 체직시키다,https://sillok.history.go.kr/id/kwa_10007011_002,1
5929,순조실록,순조실록: 대행 대왕의 전호를 효원으로 고치다,https://sillok.history.go.kr/id/kwa_10007013_001,1
5904,순조실록,순조실록: 대왕 대비가 시약했던 의관의 찬배를 명하다,https://sillok.history.go.kr/id/kwa_10007013_002,1
5910,순조실록,순조실록: 내의 강명길·심인 등을 탄핵하는 대사간 유한녕의 차자,https://sillok.history.go.kr/id/kwa_10007013_003,1
5003,순조실록,순조실록: 현륭원 내 산릉으로 쓸 곳을 살피고 총호사 이시수 등이 장계하다,https://sillok.history.go.kr/id/kwa_10007013_004,1
4991,순조실록,순조실록: 대왕 대비가 수렴에 대한 비답문을 고치라 하교하다,https://sillok.history.go.kr/id/kwa_10007014_001,1
5930,순조실록,순조실록: 의관 심인 등을 찬배하다,https://sillok.history.go.kr/id/kwa_10007014_002,1
4990,순조실록,순조실록: 관학 유생 권중륜 등이 내의 심인 등의 처벌을 요청하다,https://sillok.history.go.kr/id/kwa_10007015_001,1
5920,순조실록,순조실록: 산릉을 간심한 총호사 이시수 등을 소견하다,https://sillok.history.go.kr/id/kwa_10007015_002,1
5928,순조실록,순조실록: 빈청에서 산릉의 각항의 길일을 정하다,https://sillok.history.go.kr/id/kwa_10007016_001,1
5921,순조실록,순조실록: 대왕 대비가 동래 부사 김관주를 체직하다,https://sillok.history.go.kr/id/kwa_10007016_002,1
5927,순조실록,순조실록: 삼도감의 물력을 모두 내하하라 명하다,https://sillok.history.go.kr/id/kwa_10007016_003,1
5934,순조실록,순조실록: 오의상을 배왕 대장으로 삼다,https://sillok.history.go.kr/id/kwa_10007017_001,1
5923,순조실록,순조실록: 예조에서 고부사의 절목에 대해 보고하다,https://sillok.history.go.kr/id/kwa_10007018_001,1
4997,순조실록,순조실록: 이조에서 대행 대왕의 행장과 시장을 찬집할 당상으로 홍양호 등을 추천하다,https://sillok.history.go.kr/id/kwa_10007019_001,1
5905,순조실록,순조실록: 외재궁에 60번 옻칠하게 하다,https://sillok.history.go.kr/id/kwa_10007019_002,1
5912,순조실록,순조실록: 이성보를 대사헌으로 오의상을 좌포도 대장으로 삼다,https://sillok.history.go.kr/id/kwa_10007019_003,1
5932,순조실록,순조실록: 신부(新符)를 중외에 반하하다,https://sillok.history.go.kr/id/kwa_10007019_004,1
5901,순조실록,순조실록: 약원에서 진찰하다. 대왕 대비가 신료들과 왕의 보호 등에 관해 논의하다,https://sillok.history.go.kr/id/kwa_10007020_001,1
5908,순조실록,순조실록: 대왕 대비가 조보나 소장 등을 언서로 등서해 들여오게 하다,https://sillok.history.go.kr/id/kwa_10007020_002,1
4993,순조실록,순조실록: 대왕 대비가 내의의 처벌은 공제 후를 기다리라 명하다,https://sillok.history.go.kr/id/kwa_10007020_003,1
5919,순조실록,"순조실록: 양사에서 내의 강명길, 심인 등을 탄핵하다",https://sillok.history.go.kr/id/kwa_10007020_004,1
5926,순조실록,순조실록: 박준원을 정경으로 발탁하여 승진시키다,https://sillok.history.go.kr/id/kwa_10007020_005,1
5933,순조실록,순조실록: 빈전에 나아가 조전을 행하다,https://sillok.history.go.kr/id/kwa_10007021_001,1
5906,순조실록,순조실록: 이조에서 찬집 당상으로 이의필 등을 더 추천하다,https://sillok.history.go.kr/id/kwa_10007021_002,1
4998,순조실록,순조실록: 세신 보호 등에 관한 대왕 대비의 하교문,https://sillok.history.go.kr/id/kwa_10007023_001,1
5018,순종실록,순종실록: 대리로 정사를 보았으며 이어 황제의 자리를 이어받다,https://sillok.history.go.kr/id/kzb_10007019_001,1
5949,순종실록,순종실록: 일본국 천황의 축전이 왔으므로 사례하는 전보를 보내다,https://sillok.history.go.kr/id/kzb_10007020_001,1
5960,순종실록,순종실록: 통감인 이토 히로부미와 각국 영사들을 접견하다,https://sillok.history.go.kr/id/kzb_10007020_002,1
5009,순종실록,"순종실록: 헤이그 밀사 이상설, 이위종, 이준 등을 처벌하다",https://sillok.history.go.kr/id/kzb_10007020_003,1
5008,순종실록,순종실록: 헤이그 밀사 사건으로 인하여 교화하는 조서를 내리다,https://sillok.history.go.kr/id/kzb_10007021_001,1
5965,순종실록,순종실록: 태황제 존봉 도감을 설치하도록 하다,https://sillok.history.go.kr/id/kzb_10007021_002,1
5954,순종실록,"순종실록: 이완용, 조중응이 직책을 회피한 박영효, 이도재, 남정철 등을 탄핵하다",https://sillok.history.go.kr/id/kzb_10007021_003,1
5941,순종실록,"순종실록: 경무사 김재풍, 육군 보병 참령 이갑 등을 해임시키다",https://sillok.history.go.kr/id/kzb_10007021_004,1
5961,순종실록,"순종실록: 구연수, 민병한, 이윤용 등에게 벼슬을 주다",https://sillok.history.go.kr/id/kzb_10007021_005,1
5958,순종실록,순종실록: 내각 대신들이 황제라는 대호로 부르자는 의견을 올리다,https://sillok.history.go.kr/id/kzb_10007022_001,1
5962,순종실록,순종실록: 이완용이 연호를 개정할 것에 대해 아뢰다,https://sillok.history.go.kr/id/kzb_10007022_002,1
5950,순종실록,순종실록: 임선준이 한성 부윤 박의병을 해임하도록 아뢰다,https://sillok.history.go.kr/id/kzb_10007022_003,1
5014,순종실록,순종실록: 순명비 민씨를 황후로 추후하여 책봉하고 윤씨를 황후로 올려 책봉하다,https://sillok.history.go.kr/id/kzb_10007023_001,1
5015,순종실록,"순종실록: 박용대, 정헌식, 이중하, 이항구, 송태관, 서상대 등을 관직에 임명하다",https://sillok.history.go.kr/id/kzb_10007023_002,1
5967,순종실록,순종실록: 태황제 존봉 도감을 설치하다,https://sillok.history.go.kr/id/kzb_10007023_003,1
5943,순종실록,"순종실록: 민병석, 이도재, 홍순형 등에게 관직을 주다",https://sillok.history.go.kr/id/kzb_10007024_001,1
5969,순종실록,순종실록: 한일 협약이 체결되다,https://sillok.history.go.kr/id/kzb_10007024_002,1
5940,순종실록,순종실록: 신문지법을 반포하다,https://sillok.history.go.kr/id/kzb_10007024_003,1
5970,순종실록,순종실록: 월식이 있다,https://sillok.history.go.kr/id/kzb_10007025_001,1
5966,순종실록,순종실록: 이윤용을 궁내부 대신에 임명하다,https://sillok.history.go.kr/id/kzb_10007025_002,1
5964,순종실록,순종실록: 신기선이 황제 즉위식에 대하여 아뢰다,https://sillok.history.go.kr/id/kzb_10007025_003,1
5955,순종실록,순종실록: 통감 이토 히로부미와 일본국 외무 대신 하야시 다다를 접견하다,https://sillok.history.go.kr/id/kzb_10007027_001,1
5951,순종실록,순종실록: 일본 외무 대신 하야시 다다에게 훈장을 수여하다,https://sillok.history.go.kr/id/kzb_10007027_002,1
5957,순종실록,"순종실록: 이윤용이 민태호, 윤택영을 부원군으로 봉하도록 아뢰다",https://sillok.history.go.kr/id/kzb_10007027_003,1
5939,순종실록,순종실록: 법률 제2호 보안법을 반포하다,https://sillok.history.go.kr/id/kzb_10007027_004,1
5010,순종실록,"순종실록: 경무청 관제, 지방관 관제를 모두 개정하다",https://sillok.history.go.kr/id/kzb_10007027_005,1
5963,순종실록,순종실록: 태황제의 존호 도감을 설치하도록 하다,https://sillok.history.go.kr/id/kzb_10007029_001,1
5948,순종실록,"순종실록: 심상훈, 이종건, 이민식 등에게 관직을 제수하다",https://sillok.history.go.kr/id/kzb_10007029_002,1
5936,순종실록,순종실록: 성벽 처리 위원회에 대한 것을 공포하다,https://sillok.history.go.kr/id/kzb_10007030_001,1
5011,순종실록,순종실록: 조서를 내려 군대를 해산하다,https://sillok.history.go.kr/id/kzb_10007031_001,1
5959,순종실록,"순종실록: 조민희, 김홍락, 정인흥 등의 가자하도록 하다",https://sillok.history.go.kr/id/kzb_10007031_002,1
5946,순종실록,"순종실록: 이근호, 김윤식 등을 관직에 임명하다",https://sillok.history.go.kr/id/kzb_10007031_003,1
5956,순종실록,순종실록: 존봉 도감에서 옥책문 제술관 등의 임명에 대하여 아뢰다,https://sillok.history.go.kr/id/kzb_10007031_004,1
5952,순종실록,순종실록: 궁내부에서 태황제궁의 칭호를 덕수로 하고 부의 칭호를 승녕으로 할 것을 아뢰다,https://sillok.history.go.kr/id/kzb_10008002_001,1
5016,순종실록,"순종실록: 마루야마 시게토시, 김종한, 최석민 등을 관직에 임명하다",https://sillok.history.go.kr/id/kzb_10008002_002,1
5968,순종실록,순종실록: 연호를 융희로 고치다,https://sillok.history.go.kr/id/kzb_10008002_003,1
5945,순종실록,"순종실록: 이범구, 김각현 등을 관직에 임명하다",https://sillok.history.go.kr/id/kzb_10008003_001,1
5947,순종실록,순종실록: 구연수를 관직에 임명하다,https://sillok.history.go.kr/id/kzb_10008005_001,1
5017,순종실록,"순종실록: 이병무, 임선준, 조중응 등의 관직을 올려주다",https://sillok.history.go.kr/id/kzb_10008006_001,1
5005,순종실록,순종실록: 장례원 경 신기선이 관례에 대하여 상소를 올리다,https://sillok.history.go.kr/id/kzb_10008006_002,1
5937,순종실록,순종실록: 광업법과 사광 채취법을 모두 개정하다,https://sillok.history.go.kr/id/kzb_10008006_003,1
5938,순종실록,순종실록: 궁내부 소속 광산을 폐지하다,https://sillok.history.go.kr/id/kzb_10008006_004,1
5012,순종실록,순종실록: 영왕 은을 황태자로 책봉하다,https://sillok.history.go.kr/id/kzb_10008007_001,1
5942,순종실록,순종실록: 영왕 은을 황태자로 책봉하라는 명령을 내리다,https://sillok.history.go.kr/id/kzb_10008007_002,1
5019,순종실록,순종실록: 특진관 심상훈이 죽다,https://sillok.history.go.kr/id/kzb_10008007_003,1
5944,순종실록,"순종실록: 완평군 이승응, 정한조를 관직에 임명하다",https://sillok.history.go.kr/id/kzb_10008007_004,1
5953,순종실록,순종실록: 황제의 탄신일을 건원절로 개칭하다,https://sillok.history.go.kr/id/kzb_10008007_005,1
5006,순종실록,순종실록: 영왕이 상소를 올리다,https://sillok.history.go.kr/id/kzb_10008007_006,1
5007,순종실록,순종실록: 영왕이 두 번째 상소를 올리다,https://sillok.history.go.kr/id/kzb_10008008_001,1
5013,순종실록,"순종실록: 심상훈에게 충숙공, 이호준에게 충이공, 민두호에게 효헌공이라는 시호를 주다",https://sillok.history.go.kr/id/kzb_10008008_002,1
5055,영조실록,영조실록: 대왕이 창덕궁 인정문에서 즉위하다,https://sillok.history.go.kr/id/kua_10008030_001,1
5057,영조실록,영조실록: 예조에서 복제와 저장·등위 및 생원·진사 이하의 의대에 관한 절목을 올리다,https://sillok.history.go.kr/id/kua_10008030_002,1
5064,영조실록,영조실록: 사간원에서 약을 잘못 쓴 어의와 이공윤을 탄핵하니 국문해 처벌케 하다,https://sillok.history.go.kr/id/kua_10008030_003,1
6045,영조실록,영조실록: 진시에 햇무리하였는데 양이가 있다,https://sillok.history.go.kr/id/kua_10008030_004,1
6052,영조실록,영조실록: 승정원에서 생기에 실린 입직관과 원상을 파직토록 계품하니 입직관만 윤허하다,https://sillok.history.go.kr/id/kua_10008030_005,1
6044,영조실록,영조실록: 밀창군 이직·이진유 등에게 관직을 제수하다,https://sillok.history.go.kr/id/kua_10009001_001,1
6062,영조실록,영조실록: 표신에 새길 압자에 대해 논의하다,https://sillok.history.go.kr/id/kua_10009001_002,1
6063,영조실록,영조실록: 대행 대왕의 재궁에 옻칠을 하다,https://sillok.history.go.kr/id/kua_10009001_003,1
6053,영조실록,영조실록: 좨주 정제두가 분부하였다가 귀향하려 하자 임금이 머물도록 권유하게 하다,https://sillok.history.go.kr/id/kua_10009001_004,1
6054,영조실록,영조실록: 우의정 이광좌와 호조 판서 조태억을 인견하니 치도와 관련해 아뢰다,https://sillok.history.go.kr/id/kua_10009001_005,1
6057,영조실록,영조실록: 사헌부에서 해당 승지를 추고하라고 계청했던 것을 중지하다,https://sillok.history.go.kr/id/kua_10009001_006,1
5050,영조실록,"영조실록: 왕위의 계승을 종묘, 사직과 영휘전에 고하는 축문에서 칭호문제를 논함",https://sillok.history.go.kr/id/kua_10009001_007,1
6043,영조실록,영조실록: 송인명·조원명·윤용 등에게 관직을 제수하다,https://sillok.history.go.kr/id/kua_10009002_001,1
6059,영조실록,영조실록: 사헌부에서 해당 승지를 파직시키라는 계청을 정지하다,https://sillok.history.go.kr/id/kua_10009002_002,1
6058,영조실록,영조실록: 밀창군 이직의 품계를 정1품 흥록 대부로 승진시키다,https://sillok.history.go.kr/id/kua_10009002_003,1
6046,영조실록,영조실록: 밤 1경에 천둥과 번개가 치다,https://sillok.history.go.kr/id/kua_10009003_001,1
6050,영조실록,영조실록: 서용하라는 전지를 내리지 않았는데도 정사효를 방백에 수망한 전조의 간언을 추고케 하다,https://sillok.history.go.kr/id/kua_10009003_003,1
6070,영조실록,영조실록: 정사효·이정제를 승지로 삼다,https://sillok.history.go.kr/id/kua_10009003_004,1
6055,영조실록,영조실록: 이광좌가 최규서에게 머물러 있도록 권할 것을 청하니 허락하다,https://sillok.history.go.kr/id/kua_10009004_001,1
5052,영조실록,영조실록: 함경 감사 이의만의 본도의 사록에 대한 장문을 형조에 내려 품처케 하다,https://sillok.history.go.kr/id/kua_10009005_001,1
6061,영조실록,영조실록: 대상의 호복을 《오례의》에 따르게 하다,https://sillok.history.go.kr/id/kua_10009006_001,1
5054,영조실록,영조실록: 우승지 이정제가 사관을 보내 정제두를 유소해 오게 한 일을 중지할 것에 관해 아룀,https://sillok.history.go.kr/id/kua_10009007_001,1
6049,영조실록,영조실록: 감기 중 곡전을 행함을 이광좌 등이 만류하자 임금이 며칠만 섭행케 하고 다시 친행하다,https://sillok.history.go.kr/id/kua_10009007_002,1
5060,영조실록,영조실록: 국장 도감에서 제술관과 서사관 및 명정·보전문 등의 서사관 성명을 계문하다,https://sillok.history.go.kr/id/kua_10009011_001,1
6041,영조실록,영조실록: 대사헌 이명언 등이 역비를 조사해 핵실하기를 청한 일로 논하다,https://sillok.history.go.kr/id/kua_10009011_002,1
6071,영조실록,영조실록: 조원명을 동부승지로 삼다,https://sillok.history.go.kr/id/kua_10009013_001,1
6068,영조실록,영조실록: 태백성이 대낮에 미지에 나타나다,https://sillok.history.go.kr/id/kua_10009015_001,1
5059,영조실록,영조실록: 천둥과 번개의 이변과 관련해 승정원 등에서 치도에 있어 힘써야 할 것에 대해 아룀,https://sillok.history.go.kr/id/kua_10009016_001,1
6067,영조실록,영조실록: 산릉을 중량포에 정하다,https://sillok.history.go.kr/id/kua_10009016_002,1
6047,영조실록,영조실록: 밤 2경에 유성이 천진성 아래에서 나와 동쪽 하늘가로 들어가다,https://sillok.history.go.kr/id/kua_10009018_001,1
5056,영조실록,영조실록: 각사에 구임하는 관직에 한해 이광좌와 논하다,https://sillok.history.go.kr/id/kua_10009018_002,1
6069,영조실록,영조실록: 태백성이 낮에 미지에 나타나다,https://sillok.history.go.kr/id/kua_10009020_001,1
6064,영조실록,영조실록: 밤 2경에 유성이 견우성 아래에서 나와 서쪽 하늘가에 들어가다,https://sillok.history.go.kr/id/kua_10009021_001,1
6040,영조실록,"영조실록: 선왕조의 작호와 왕자의 봉작, 부부인의 늠록 등에 관해 이광좌 등과 논함",https://sillok.history.go.kr/id/kua_10009021_002,1
5051,영조실록,영조실록: 복상을 명하여 유봉희를 우의정으로 이광좌를 좌의정으로 삼다,https://sillok.history.go.kr/id/kua_10009021_003,1
6060,영조실록,영조실록: 조태억을 병조 판서로 오명항을 호조 판서로 삼다,https://sillok.history.go.kr/id/kua_10009021_004,1
5061,영조실록,영조실록: 백성을 구제할 대책을 강구할 것에 관해 재상으로부터 목민관에게까지 하교함,https://sillok.history.go.kr/id/kua_10009022_001,1
5058,영조실록,영조실록: 서종제를 우의정 달성 부원군으로 추증하다,https://sillok.history.go.kr/id/kua_10009022_002,1
5062,영조실록,영조실록: 심단·이정제·이중술·윤회에게 관직을 제수하다,https://sillok.history.go.kr/id/kua_10009022_003,1
6039,영조실록,영조실록: 좨주 정제두가 상소해 사관을 돌아오게 할 것을 청하고 복제에 대해 논함,https://sillok.history.go.kr/id/kua_10009022_004,1
6066,영조실록,영조실록: 밤 4경에 달이 헌원성 좌각에 들어가다,https://sillok.history.go.kr/id/kua_10009023_001,1
6042,영조실록,영조실록: 영의정 최규서가 치사하다,https://sillok.history.go.kr/id/kua_10009023_002,1
6065,영조실록,영조실록: 밤 2경에 유성이 여성 아래에서 나와 서쪽 하늘가로 들어가다,https://sillok.history.go.kr/id/kua_10009024_001,1
6051,영조실록,영조실록: 죄가 가벼운 죄수를 석방하고 각 해사의 구류인을 즉일로 판결해 석방케 하다,https://sillok.history.go.kr/id/kua_10009024_002,1
6056,영조실록,영조실록: 사대부들이 백성의 집을 함부로 점유하는 것을 거듭 금지하다,https://sillok.history.go.kr/id/kua_10009024_003,1
5053,영조실록,영조실록: 장령 유시모가 액례 중 뇌물을 받고 점퇴시킨 자를 처벌하기를 계청하다,https://sillok.history.go.kr/id/kua_10009024_004,1
6048,영조실록,영조실록: 조태억을 판의금으로 삼다,https://sillok.history.go.kr/id/kua_10009024_005,1
5063,영조실록,영조실록: 대사간 이명의가 어선을 관장했던 자를 출척할 것에 관해 상소하다,https://sillok.history.go.kr/id/kua_10009024_006,1
7137,영조실록,영조실록: 공사와 변방의 긴급한 보고는 시간에 관계 없이 들이도록 하다,https://sillok.history.go.kr/id/kua_10009026_002,1
7138,영조실록,영조실록: 이거원이 상소하여 역비 김씨 성을 가진 궁인의 일에 대해 토죄할 것을 임금께 청함,https://sillok.history.go.kr/id/kua_10009028_003,1
7139,영조실록,영조실록: 정석삼·윤동원·이보욱·김일경에게 관직을 제수하다,https://sillok.history.go.kr/id/kua_10009030_003,1
7140,영조실록,영조실록: 최규서가 주급한 은전을 사양하므로 연신들이 그 양을 줄여 마음을 편하게 해 줄것을 청하다,https://sillok.history.go.kr/id/kua_10010002_001,1
7141,영조실록,영조실록: 이광좌·유봉휘·조태억·심수현 등에게 관직을 제수하다,https://sillok.history.go.kr/id/kua_10010003_001,1
7142,영조실록,영조실록: 윤행교·조최수·박윤동·이철보 등에게 관직을 제수하다,https://sillok.history.go.kr/id/kua_10010006_001,1
7143,영조실록,영조실록: 사간원에서 장리를 받아 사복을 채운 성주 목사 김우집을 정죄할 것을 청하다,https://sillok.history.go.kr/id/kua_10010007_002,1
7144,영조실록,영조실록: 봉릉할 때 원경의 척수를 정하는 일로 이광좌와 논하다,https://sillok.history.go.kr/id/kua_10010009_001,1
7145,영조실록,영조실록: 총호사 이광좌 등과 산릉의 안산에 있는 많은 무덤과 논에 관해 논하다,https://sillok.history.go.kr/id/kua_10010017_002,1
7146,영조실록,영조실록: 대계의 첫머리와 끝부분만을 거론하게 한 것과 관련해 교리 이거원 등이 아뢰다,https://sillok.history.go.kr/id/kua_10010021_001,1
7147,영조실록,영조실록: 소대하여 《강목》을 강하다. 검토관 김홍석이 공명첩을 발매하는 폐단 등에 관해 아뢰다,https://sillok.history.go.kr/id/kua_10010022_004,1
7148,영조실록,영조실록: 승정원에서 자문의 초본을 올리다,https://sillok.history.go.kr/id/kua_10010025_001,1
7149,영조실록,영조실록: 병조 참지 윤순이 상소하여 사임하기를 청하였으나 이광좌 등과 논의하다,https://sillok.history.go.kr/id/kua_10010027_002,1
7150,영조실록,영조실록: 선혜청에서 혼전와 능소에 대한 채소와 땔감의 공금에 관해 아뢰다,https://sillok.history.go.kr/id/kua_10010030_002,1
7151,영조실록,영조실록: 봉조하 최규서가 재앙을 그치게 하는 도리 등에 관해 아뢰다,https://sillok.history.go.kr/id/kua_10011001_004,1
7152,영조실록,영조실록: 정언 김호가 상소하여 시폐 칠조를 논하다,https://sillok.history.go.kr/id/kua_10011005_004,1
7153,영조실록,영조실록: 이거원·이진수 등이 이의연의 소어를 조목조목 따져 진달하고 죄 줄 것을 청함,https://sillok.history.go.kr/id/kua_10011006_004,1
7154,영조실록,영조실록: 영의정 이광좌가 상소하여 인책하고 이의연에게 죄 주길 청하다,https://sillok.history.go.kr/id/kua_10011007_004,1
7155,영조실록,영조실록: 우의정 조태억의 청에 따라 이의연을 절도에 귀양 보내다,https://sillok.history.go.kr/id/kua_10011008_005,1
7156,영조실록,영조실록: 김일경을 삭출하여 호오를 밝히고 붕당을 타파하고 강상을 중히 여기는 뜻을 하교하다,https://sillok.history.go.kr/id/kua_10011009_004,1
7157,영조실록,영조실록: 비변사에서 김일경을 대신할 사람을 즉시 천망 받지 않은 낭청 김윤의 죄를 청하다,https://sillok.history.go.kr/id/kua_10011010_002,1
7158,영조실록,영조실록: 승정원에서 복역한 승지를 삭탈 관직하라는 명을 환수할 것을 청하니 환침을 명하다,https://sillok.history.go.kr/id/kua_10011011_002,1
7159,영조실록,영조실록: 김일경을 영호하는 자는 역적을 비호하는 율로 다스릴 것을 하교하다,https://sillok.history.go.kr/id/kua_10011011_006,1
7160,영조실록,"영조실록: 사직 이기익이 김일경과 함께 승정원, 삼사의 죄를 논하다",https://sillok.history.go.kr/id/kua_10011011_010,1
7161,영조실록,영조실록: 국장 도감 당상 이세최가 애책문을 다시 예차로 하여금 찬하게 할 것을 아뢰자 허락하다,https://sillok.history.go.kr/id/kua_10011012_004,1
7162,영조실록,영조실록: 무망각에 나아가 좌의정 유봉휘를 면대하고 유봉휘가 인죄하니 위유하다,https://sillok.history.go.kr/id/kua_10011013_004,1
7163,영조실록,영조실록: 전 정랑 임주국을 삭거 사판하다,https://sillok.history.go.kr/id/kua_10011016_002,1
7164,영조실록,영조실록: 정언 유시모가 상소해 이의연의 죄와 이봉익·이한동에게도 투비의 법을 베풀 것을 청하다,https://sillok.history.go.kr/id/kua_10011016_006,1
7165,영조실록,영조실록: 부교리 김홍석이 상소해 이의연을 토죄할 것을 청하고 군자와 소인의 구분에 대해 진달하다,https://sillok.history.go.kr/id/kua_10011017_002,1
7166,영조실록,영조실록: 영의정 이광좌가 청대하여 김일경과 서로 친밀하지 않았던 일 등을 아뢰다,https://sillok.history.go.kr/id/kua_10011019_002,1
7167,영조실록,영조실록: 이의연의 국청을 설치하는 일에 대해 대신들에게 의논한 뒤에 영의정 이광좌에게 말하다,https://sillok.history.go.kr/id/kua_10011020_002,1
7168,영조실록,영조실록: 이봉년·송택상·윤휘정·이진망 등에게 관직을 제수하다,https://sillok.history.go.kr/id/kua_10011020_007,1
7169,영조실록,영조실록: 광성 부원군의 손자이며 김운택의 아우인 김조택을 방송하다,https://sillok.history.go.kr/id/kua_10011021_004,1
7170,영조실록,영조실록: 충청 감사 송인명 등이 상소해 정수의의 재결을 먼저 나누어 준 뒤 장문한 죄를 청하다,https://sillok.history.go.kr/id/kua_10011022_002,1
7171,영조실록,영조실록: 진천 유학 변우익이 수십 년간 표문으로 시험한 문제점에 관해 상소하다,https://sillok.history.go.kr/id/kua_10011024_003,1
7172,영조실록,영조실록: 국장 도감에서 발인 습의 때 대여의 높이에 부족한 흥인문을 고치기를 청하자 그대로 따르라,https://sillok.history.go.kr/id/kua_10011025_003,1
7173,영조실록,영조실록: 이의연을 국문하다,https://sillok.history.go.kr/id/kua_10011026_003,1
7174,영조실록,영조실록: 장령 김시빈이 채웅복을 절도에 투비하고 김일경이 찬한 교문을 개찬할 것을 상소하다,https://sillok.history.go.kr/id/kua_10011027_005,1
7175,영조실록,영조실록: 호조 판서 오명항이 산릉 원두의 일을 변통하는 것에 관해 아뢰다,https://sillok.history.go.kr/id/kua_10011028_003,1
7176,영조실록,영조실록: 이의연을 비호하고 대신을 무욕하는 상소를 올린 유생 박지혁을 부령에 유배하다,https://sillok.history.go.kr/id/kua_10011029_001,1
7177,영조실록,영조실록: 이일제가 조롱하고 모욕한 말을 한 도신을 추고하기를 청한 일로 탄핵받은 것에 관해 상소,https://sillok.history.go.kr/id/kua_10011029_005,1
7178,영조실록,영조실록: 김흥경을 기용하여 승정원 도승지로 삼고 김동필을 발탁해 강화부 유수로 삼다,https://sillok.history.go.kr/id/kua_10012002_002,1
7179,영조실록,영조실록: 집의 이정걸이 산릉 앞에 있는 안산의 백성들의 무덤에 관해 상소하다,https://sillok.history.go.kr/id/kua_10012003_002,1
7180,영조실록,영조실록: 김일경을 의금부에 내려 국문하다. 김일경의 공초,https://sillok.history.go.kr/id/kua_10012004_004,1
7181,영조실록,영조실록: 약원에서 대왕 대비전에 아뢰어 소선을 봉진하라는 명을 정침할 것을 청하였으나 허락치 않다,https://sillok.history.go.kr/id/kua_10012006_001,1
7182,영조실록,영조실록: 이조 참의 심공이 승선의 망에 관한 일로 상소하다,https://sillok.history.go.kr/id/kua_10012006_005,1
7183,영조실록,영조실록: 금부 도사 조상협과 이명복을 형을 쓰지 말고 다시 추문하라고 명하다,https://sillok.history.go.kr/id/kua_10012007_003,1
7184,영조실록,영조실록: 김일경을 다시 추문하다. 김일경의 공초,https://sillok.history.go.kr/id/kua_10012007_007,1
7185,영조실록,영조실록: 김일경의 상소와 교문을 본입했던 승지의 일은 아뢴 대로 하고 채응복은 삭출하라고 비답하다,https://sillok.history.go.kr/id/kua_10012010_002,1
7186,영조실록,"영조실록: 의정부와 종신들이 인산 때 따라가겠다는 명을 정침할 것을 거듭 아뢰니, 억지로 따르다",https://sillok.history.go.kr/id/kua_10012011_001,1
7187,영조실록,영조실록: 홍치중·김흥경·오명준 등에게 관직을 제수하다,https://sillok.history.go.kr/id/kua_10012012_002,1
7188,영조실록,영조실록: 훈련 도감·금위영·어영청에서 능침 순라에 매일 패장과 나졸을 정해 보낼 것을 윤허하다,https://sillok.history.go.kr/id/kua_10012015_001,1
6074,예종실록,예종실록: 혜성이 나타나다,https://sillok.history.go.kr/id/kha_10009007_001,1
5075,예종실록,예종실록: 세자가 수강궁 중문에서 즉위하고 교서를 내리다,https://sillok.history.go.kr/id/kha_10009007_002,1
6073,예종실록,예종실록: 박중선·남이·오자경 등에게 관직을 제수하다,https://sillok.history.go.kr/id/kha_10009007_003,1
6090,예종실록,예종실록: 함길북도 절도사 김교에게 북방의 방비에 당부하다,https://sillok.history.go.kr/id/kha_10009007_004,1
6099,예종실록,예종실록: 도승지 권감에게 매일 숙직하도록 명하다,https://sillok.history.go.kr/id/kha_10009007_005,1
6102,예종실록,예종실록: 왕태비를 높여서 자성 왕태비로 하다,https://sillok.history.go.kr/id/kha_10009007_006,1
6080,예종실록,예종실록: 예조에서 즉위 하례를 외방에서 듣는 순서대로 전을 올리게 할 것을 아뢰다,https://sillok.history.go.kr/id/kha_10009007_007,1
6093,예종실록,예종실록: 유곡·강생·성부의 고신을 돌려주게 하다,https://sillok.history.go.kr/id/kha_10009007_008,1
6108,예종실록,예종실록: 혜성이 나타나다,https://sillok.history.go.kr/id/kha_10009008_001,1
6103,예종실록,예종실록: 종친과 재추가 태상전에 문안하다,https://sillok.history.go.kr/id/kha_10009008_002,1
6075,예종실록,예종실록: 예조에서 태상왕의 전지를 선지로 일컬을 것을 건의하다,https://sillok.history.go.kr/id/kha_10009008_003,1
6081,예종실록,예종실록: 태상왕의 병 때문에 태상왕과 왕태비의 존호를 봉책하려던 계획을 정지하다,https://sillok.history.go.kr/id/kha_10009008_004,1
5076,예종실록,예종실록: 태상왕이 명하여 소훈 한씨를 왕비로 삼다,https://sillok.history.go.kr/id/kha_10009008_005,1
6086,예종실록,예종실록: 함길북도 절도사 김교에게 북방의 방비에 힘쓸 것을 당부하다,https://sillok.history.go.kr/id/kha_10009008_006,1
5068,예종실록,예종실록: 백관과 함께 태상왕에게 사은하였는데 그날 밤에 태상왕이 훙하다,https://sillok.history.go.kr/id/kha_10009008_007,1
6072,예종실록,예종실록: 아침에 백관들이 곡림하다,https://sillok.history.go.kr/id/kha_10009009_001,1
6082,예종실록,예종실록: 승정원에서 신전의 역사를 파하고 그 역부를 빈전에 쓸 것을 건의하다,https://sillok.history.go.kr/id/kha_10009009_002,1
6095,예종실록,예종실록: 태상왕의 장례 담당자들을 임명하다,https://sillok.history.go.kr/id/kha_10009009_003,1
6101,예종실록,예종실록: 사은사 김양경이 명나라에서 돌아오다,https://sillok.history.go.kr/id/kha_10009009_004,1
6096,예종실록,예종실록: 응골과 해청을 놓아주게 하다,https://sillok.history.go.kr/id/kha_10009009_005,1
5070,예종실록,예종실록: 금 캐는 것을 정지하였으므로 군인을 보내지 말 것을 병조에 전지하다,https://sillok.history.go.kr/id/kha_10009009_006,1
5072,예종실록,예종실록: 경기 군적사를 정지하도록 명하다,https://sillok.history.go.kr/id/kha_10009009_007,1
5066,예종실록,예종실록: 대행 대왕의 상제 의식은 문종시의 예에 의할 것을 예조에서 건의하다,https://sillok.history.go.kr/id/kha_10009009_008,1
6107,예종실록,예종실록: 혜성이 나타나다,https://sillok.history.go.kr/id/kha_10009010_001,1
6076,예종실록,예종실록: 태상왕의 부음을 종묘와 사직에 고하다,https://sillok.history.go.kr/id/kha_10009010_002,1
6100,예종실록,예종실록: 왕대비의 전교를 내지로 일컫게 하다,https://sillok.history.go.kr/id/kha_10009010_003,1
6098,예종실록,예종실록: 습전의를 베풀다,https://sillok.history.go.kr/id/kha_10009010_004,1
6104,예종실록,예종실록: 금의 채취를 파하다,https://sillok.history.go.kr/id/kha_10009010_005,1
6085,예종실록,예종실록: 중국에 보내는 고부사와 청시사 등의 호송군의 수를 정하게 하다,https://sillok.history.go.kr/id/kha_10009010_006,1
6092,예종실록,예종실록: 평안도에 절도사 오자경을 급히 부임하게 하다,https://sillok.history.go.kr/id/kha_10009010_007,1
6094,예종실록,예종실록: 의정부에서 없앨 만한 폐단을 아뢰다,https://sillok.history.go.kr/id/kha_10009010_008,1
6084,예종실록,예종실록: 평안도 절도사에게 주문사·고부사 등을 7백 명으로 호송하게 하다,https://sillok.history.go.kr/id/kha_10009010_009,1
5071,예종실록,예종실록: 상장의 일은 과거에 정승 이상을 지낸 자와 의논하여 행하게 하다,https://sillok.history.go.kr/id/kha_10009010_010,1
5067,예종실록,예종실록: 예조에서 졸곡 전에는 종묘와 문소전에 천신할 어육을 올리지 말 것을 건의하다,https://sillok.history.go.kr/id/kha_10009010_011,1
5074,예종실록,예종실록: 소렴전을 베풀다,https://sillok.history.go.kr/id/kha_10009011_001,1
6091,예종실록,예종실록: 좌의정 박원형이 창덕궁으로 이어하기를 청하다,https://sillok.history.go.kr/id/kha_10009011_002,1
6077,예종실록,예종실록: 강원도 관찰사 김관에게 연철의 채취를 금하게 하다,https://sillok.history.go.kr/id/kha_10009011_003,1
5077,예종실록,예종실록: 찬궁을 조계청에 안치할 때에 머리의 방향을 궁실의 향배를 따를 것을 정하다,https://sillok.history.go.kr/id/kha_10009011_004,1
6088,예종실록,예종실록: 간경 도감 제조 한계희가 간경 도감의 정파를 반대하다,https://sillok.history.go.kr/id/kha_10009011_005,1
6106,예종실록,예종실록: 혜성이 나타나다,https://sillok.history.go.kr/id/kha_10009012_001,1
5073,예종실록,예종실록: 대렴전을 베풀다,https://sillok.history.go.kr/id/kha_10009012_002,1
5069,예종실록,예종실록: 성빈전을 베풀다,https://sillok.history.go.kr/id/kha_10009012_003,1
5065,예종실록,예종실록: 산릉 도감의 사목에 대해 승정원과 의논하다,https://sillok.history.go.kr/id/kha_10009012_004,1
6079,예종실록,예종실록: 빈·장의 일은 의궤에 준하고 기타는 횡간을 참작할 것을 예조에서 건의하다,https://sillok.history.go.kr/id/kha_10009012_005,1
6105,예종실록,예종실록: 혜성이 나타나다,https://sillok.history.go.kr/id/kha_10009013_001,1
6089,예종실록,예종실록: 이날부터 산릉에 나아가기까지 항상 여차에서 거처하다,https://sillok.history.go.kr/id/kha_10009013_002,1
6087,예종실록,예종실록: 하동군 정인지 등이 영릉에 가서 장지를 살펴보고 돌아오다,https://sillok.history.go.kr/id/kha_10009013_003,1
6083,예종실록,예종실록: 중국에 승습을 청하는 것과 고부·청시 등의 일을 대신들과 의논하다,https://sillok.history.go.kr/id/kha_10009013_004,1
6097,예종실록,예종실록: 빈전에서 법석을 베풀다,https://sillok.history.go.kr/id/kha_10009013_005,1
6078,예종실록,예종실록: 혜성이 나타나다,https://sillok.history.go.kr/id/kha_10009014_001,1
5080,인조실록,인조실록: 의병을 일으켜 즉위하다,https://sillok.history.go.kr/id/kpa_10103013_001,1
6125,인조실록,인조실록: 상이 경운궁에 있다,https://sillok.history.go.kr/id/kpa_10103014_001,1
6134,인조실록,인조실록: 자전에 진하할 것을 누차 청하여 자전이 허락하다,https://sillok.history.go.kr/id/kpa_10103014_002,1
6130,인조실록,인조실록: 광해군 즉위 이후 죄를 받아 갇힌 사람을 석방하도록 명하다,https://sillok.history.go.kr/id/kpa_10103014_003,1
6112,인조실록,인조실록: 광해를 폐하여 군으로 봉하다,https://sillok.history.go.kr/id/kpa_10103014_004,1
6111,인조실록,인조실록: 양주 목사와 수원 부사가 군사를 일으켰다가 반정의 소식을 듣고 흩어지다,https://sillok.history.go.kr/id/kpa_10103014_005,1
6133,인조실록,인조실록: 연흥 부원군의 부인을 제주에서 맞아올 것을 명하다,https://sillok.history.go.kr/id/kpa_10103014_006,1
5084,인조실록,인조실록: 인조의 즉위와 광해군의 폐위에 대한 왕대비의 교서,https://sillok.history.go.kr/id/kpa_10103014_007,1
5078,인조실록,인조실록: 백관의 하례를 받고 교서를 반포하다,https://sillok.history.go.kr/id/kpa_10103014_008,1
6137,인조실록,인조실록: 이광정·이귀·김류등에게 관직을 제수하다,https://sillok.history.go.kr/id/kpa_10103014_009,1
5082,인조실록,인조실록: 김류 등이 박승종 등을 살릴 것을 청하고 김신국 등의 등용을 청하다,https://sillok.history.go.kr/id/kpa_10103014_010,1
6120,인조실록,인조실록: 한찬남·백대형 등이 처형되다,https://sillok.history.go.kr/id/kpa_10103014_011,1
6126,인조실록,인조실록: 본궁노로서 군중에 작폐한 자를 주살하도록 명하다,https://sillok.history.go.kr/id/kpa_10103014_012,1
6132,인조실록,인조실록: 홍문관 교리 이명한이 도승지 이덕형의 체직을 청하다,https://sillok.history.go.kr/id/kpa_10103014_013,1
5086,인조실록,인조실록: 박승종·박자흥이 달아나 자결하다,https://sillok.history.go.kr/id/kpa_10103014_014,1
6143,인조실록,인조실록: 중전이 사저에서 대내로 이거하다,https://sillok.history.go.kr/id/kpa_10103015_001,1
6119,인조실록,인조실록: 폐군의 처리에 대한 자전의 하교와 예조의 계,https://sillok.history.go.kr/id/kpa_10103015_002,1
6131,인조실록,인조실록: 대비의 의복을 바꿀 시일을 정하도록 예조에 하교하다,https://sillok.history.go.kr/id/kpa_10103015_003,1
5088,인조실록,"인조실록: 강화의 군병을 돌려 보내고, 임의로 죄인을 잡아 가둔 포도 대장을 추고토록 하교하다",https://sillok.history.go.kr/id/kpa_10103015_004,1
6122,인조실록,인조실록: 영창 대군 등의 관봉을 회복하고 전창위 유정량의 직첩을 환급토록 명하다,https://sillok.history.go.kr/id/kpa_10103015_005,1
6123,인조실록,"인조실록: 이조 판서 이광정이 정사에 참여치 못하고, 정승 결원의 복상을 명하다",https://sillok.history.go.kr/id/kpa_10103015_006,1
6136,인조실록,인조실록: 폐군 등에 대한 공궤를 정결히 하도록 하교하다,https://sillok.history.go.kr/id/kpa_10103015_007,1
6113,인조실록,인조실록: 창덕궁 화재 현장을 수습토록 명하다,https://sillok.history.go.kr/id/kpa_10103015_008,1
6127,인조실록,인조실록: 목사 최기의 관작을 회복할 것을 명하다,https://sillok.history.go.kr/id/kpa_10103015_009,1
6116,인조실록,인조실록: 홍문관 부교리 이명한이 정인홍을 국문할 것을 청하다,https://sillok.history.go.kr/id/kpa_10103015_010,1
5079,인조실록,인조실록: 사간 이성구가 정인홍의 국문과 장령 곽천호 등의 체직을 청하다,https://sillok.history.go.kr/id/kpa_10103015_011,1
5092,인조실록,인조실록: 윤방·신흠·이덕형 등에게 관직을 제수하다,https://sillok.history.go.kr/id/kpa_10103015_012,1
6110,인조실록,인조실록: 군병에 대한 호궤와 유희분·이대엽 등의 구제 논의,https://sillok.history.go.kr/id/kpa_10103015_013,1
5083,인조실록,인조실록: 예조가 상의 복식을 회복할 것과 공주 부마의 간택을 거행할 것을 아뢰다,https://sillok.history.go.kr/id/kpa_10103016_001,1
6142,인조실록,인조실록: 자전이 표리를 해조에 내리다,https://sillok.history.go.kr/id/kpa_10103016_002,1
6115,인조실록,인조실록: 김류·이귀 등과 호위군의 해산·각도 수령의 체직 여부를 논의하다,https://sillok.history.go.kr/id/kpa_10103016_003,1
6117,인조실록,인조실록: 이조 판서 신흠이 수령 등의 도목정에 대해 아뢰다,https://sillok.history.go.kr/id/kpa_10103016_004,1
5081,인조실록,인조실록: 이원익·이정구·한준겸 등에게 관직을 제수하다,https://sillok.history.go.kr/id/kpa_10103016_005,1
5085,인조실록,"인조실록: 간원이 판서 임취정 등을 체직하고, 원주 목사 한영을 국문할 것을 청하다",https://sillok.history.go.kr/id/kpa_10103016_006,1
6138,인조실록,인조실록: 사헌부가 민심·박종윤의 체직을 청하다,https://sillok.history.go.kr/id/kpa_10103016_007,1
6118,인조실록,인조실록: 대장 이서가 박승종의 시신을 거둘 것을 청하다,https://sillok.history.go.kr/id/kpa_10103016_008,1
6109,인조실록,인조실록: 사간원이 병조 판서 권진 등의 체직과 계축 이후의 파방 등을 청하다,https://sillok.history.go.kr/id/kpa_10103017_001,1
5087,인조실록,인조실록: 영창 대군과 연흥 부원군을 예장하도록 명하고 부원군에 영의정을 추증하다,https://sillok.history.go.kr/id/kpa_10103017_002,1
6128,인조실록,인조실록: 중 성지가 복주되다,https://sillok.history.go.kr/id/kpa_10103017_003,1
6140,인조실록,인조실록: 죄인 복동이 도망치다가 잡혀 죽다,https://sillok.history.go.kr/id/kpa_10103017_004,1
6135,인조실록,인조실록: 사헌부가 이병의 국문과 박홍구의 파직을 청하다,https://sillok.history.go.kr/id/kpa_10103017_005,1
6141,인조실록,인조실록: 예조가 곤전에의 하례를 청하다,https://sillok.history.go.kr/id/kpa_10103017_006,1
6121,인조실록,인조실록: 이괄·이서 등을 인견하여 모병의 처리와 제진의 폐단 등에 관해 논하다,https://sillok.history.go.kr/id/kpa_10103017_007,1
6129,인조실록,인조실록: 자전이 내인 생이 및 여무 수란개 등을 빨리 조처할 것을 하교하다,https://sillok.history.go.kr/id/kpa_10103017_008,1
6139,인조실록,인조실록: 모 도독의 문안사 남이공을 인견하다,https://sillok.history.go.kr/id/kpa_10103017_009,1
5089,인조실록,인조실록: 이서·정홍익·민여임 등에게 관직을 제수하다,https://sillok.history.go.kr/id/kpa_10103017_010,1
6124,인조실록,인조실록: 예조가 광해군 생모의 신주·고명 등의 처분에 대해 아뢰다,https://sillok.history.go.kr/id/kpa_10103018_001,1
5090,인조실록,인조실록: 사헌부가 이재영의 국문을 청하다,https://sillok.history.go.kr/id/kpa_10103018_002,1
6114,인조실록,인조실록: 사간원이 정문회 등을 파직시키고 이성 등을 귀양보낼 것을 청하다,https://sillok.history.go.kr/id/kpa_10103018_003,1
5091,인조실록,인조실록: 의금부에 원통한 폐단을 없이 할 것과 백관의 융복 착용을 중지할 것을 하교하다,https://sillok.history.go.kr/id/kpa_10103018_004,1
6148,인종실록,인종실록: 햇무리가 지다,https://sillok.history.go.kr/id/kla_10101001_002,1
6173,인종실록,인종실록: 조석전을 지내고 상식을 올리다,https://sillok.history.go.kr/id/kla_10101002_001,1
6163,인종실록,인종실록: 좌의정 홍언필이 사직을 청하다,https://sillok.history.go.kr/id/kla_10101002_002,1
6153,인종실록,인종실록: 헌부가 중종의 시호를 빨리 정할 것과 이인현·정웅의 체직을 청하다,https://sillok.history.go.kr/id/kla_10101002_003,1
5093,인종실록,인종실록: 이조 정랑 윤희성의 졸기,https://sillok.history.go.kr/id/kla_10101002_004,1
6172,인종실록,인종실록: 조석전을 지내고 상식을 올리다,https://sillok.history.go.kr/id/kla_10101003_001,1
6147,인종실록,인종실록: 홍언필이 다시 사직을 청하다,https://sillok.history.go.kr/id/kla_10101003_002,1
5102,인종실록,인종실록: 헌부가 송겸·임세무의 추고를 청하다,https://sillok.history.go.kr/id/kla_10101003_003,1
6171,인종실록,인종실록: 조석전을 지내고 상식을 올리다,https://sillok.history.go.kr/id/kla_10101004_001,1
6158,인종실록,인종실록: 우의정 윤인경에게 시호를 빨리 정할 것을 전교하다,https://sillok.history.go.kr/id/kla_10101004_002,1
5100,인종실록,"인종실록: 간원이 승지의 체직을, 헌부가 혼전을 정할 것을 청하다",https://sillok.history.go.kr/id/kla_10101004_003,1
5094,인종실록,인종실록: 헌부에서 창덕궁으로 옮길 것을 청하다,https://sillok.history.go.kr/id/kla_10101004_004,1
6149,인종실록,인종실록: 조석전을 지내고 상식을 올리다,https://sillok.history.go.kr/id/kla_10101005_001,1
5101,인종실록,인종실록: 우의정 윤인경 등이 의논하여 시호를 정하다,https://sillok.history.go.kr/id/kla_10101005_002,1
6156,인종실록,인종실록: 대간과 헌부가 송겸·임세무·승지 등과 남효의의 일을 아뢰다,https://sillok.history.go.kr/id/kla_10101005_003,1
6144,인종실록,인종실록: 부제학 송세형 등이 올린 간관의 역할 등에 관한 차자,https://sillok.history.go.kr/id/kla_10101005_004,1
6170,인종실록,인종실록: 조석전을 지내고 상식을 올리다,https://sillok.history.go.kr/id/kla_10101006_001,1
5106,인종실록,인종실록: 시호를 중조로 고치는 것에 관해 전교하다,https://sillok.history.go.kr/id/kla_10101006_002,1
6159,인종실록,인종실록: 윤인경이 중국 사신의 원접사 문제를 아뢰다,https://sillok.history.go.kr/id/kla_10101006_003,1
6169,인종실록,인종실록: 조석전을 지내고 상식을 올리다,https://sillok.history.go.kr/id/kla_10101007_001,1
5095,인종실록,"인종실록: 대사간 임억령, 집의 한두 등이 대간의 임무에 대해 아뢰다",https://sillok.history.go.kr/id/kla_10101007_002,1
5099,인종실록,인종실록: 홍문관 부제학 송세형 등이 졸곡 후의 복제에 대해 아뢰다,https://sillok.history.go.kr/id/kla_10101007_003,1
6155,인종실록,인종실록: 우의정 윤인경 등이 시호를 중조로 하는 것이 부당하다고 아뢰다,https://sillok.history.go.kr/id/kla_10101007_004,1
6154,인종실록,인종실록: 좌의정 홍언필의 사직서를 정원에 내리면서 사직하지 말라고 이르다,https://sillok.history.go.kr/id/kla_10101007_005,1
6178,인종실록,인종실록: 햇무리가 지다,https://sillok.history.go.kr/id/kla_10101007_006,1
6150,인종실록,인종실록: 조석전을 지내고 상식을 올리다,https://sillok.history.go.kr/id/kla_10101008_001,1
5096,인종실록,"인종실록: 장령 권물, 지평 이천계·이담이 체직시켜 줄 것을 청하다",https://sillok.history.go.kr/id/kla_10101008_002,1
6146,인종실록,인종실록: 대사헌 이해가 체직을 청하다,https://sillok.history.go.kr/id/kla_10101008_003,1
6164,인종실록,인종실록: 장령 권물 등이 직무에 나아가다,https://sillok.history.go.kr/id/kla_10101008_004,1
6174,인종실록,인종실록: 하얀 기운이 하늘에 퍼지다,https://sillok.history.go.kr/id/kla_10101008_005,1
6168,인종실록,인종실록: 조석전을 지내고 상식을 올리다,https://sillok.history.go.kr/id/kla_10101009_001,1
6145,인종실록,인종실록: 장령 곽순 등이 대사간 임억령 등의 체직을 청하다,https://sillok.history.go.kr/id/kla_10101009_002,1
5104,인종실록,인종실록: 정순붕·송기수·경혼 등에게 관직을 제수하다,https://sillok.history.go.kr/id/kla_10101009_003,1
6177,인종실록,인종실록: 햇무리가 지다,https://sillok.history.go.kr/id/kla_10101009_004,1
6167,인종실록,인종실록: 조석전을 지내고 상식을 올리다,https://sillok.history.go.kr/id/kla_10101010_001,1
6157,인종실록,인종실록: 대사헌 이해 등이 임억령·홍언필 등의 체직을 청하다,https://sillok.history.go.kr/id/kla_10101010_002,1
6151,인종실록,인종실록: 햇무리가 지다,https://sillok.history.go.kr/id/kla_10101010_003,1
6175,인종실록,인종실록: 밤에 검은 기운이 뻗치다,https://sillok.history.go.kr/id/kla_10101010_004,1
6166,인종실록,인종실록: 조석전을 지내고 상식을 올리다,https://sillok.history.go.kr/id/kla_10101011_001,1
6160,인종실록,인종실록: 좌의정 홍언필의 사직서를 정원에 내리다,https://sillok.history.go.kr/id/kla_10101011_002,1
5097,인종실록,인종실록: 대사헌 이해 등과 정언 김난상이 홍언필의 체직을 청하다,https://sillok.history.go.kr/id/kla_10101011_003,1
5098,인종실록,인종실록: 원상 윤인경에게 정승을 선발할 것을 재촉하다,https://sillok.history.go.kr/id/kla_10101011_004,1
6161,인종실록,인종실록: 대간이 합사하여 홍언필의 일을 아뢰다,https://sillok.history.go.kr/id/kla_10101011_005,1
6162,인종실록,인종실록: 윤인경이 재상의 후보를 아뢰다,https://sillok.history.go.kr/id/kla_10101011_006,1
5103,인종실록,인종실록: 구수담·이윤경·곽순 등에게 관직을 제수하다,https://sillok.history.go.kr/id/kla_10101011_007,1
6176,인종실록,인종실록: 햇무리가 지다,https://sillok.history.go.kr/id/kla_10101011_008,1
6165,인종실록,인종실록: 조석전을 지내고 상식을 올리다,https://sillok.history.go.kr/id/kla_10101012_001,1
6152,인종실록,인종실록: 대간이 홍언필의 일을 아뢰다,https://sillok.history.go.kr/id/kla_10101012_002,1
5105,인종실록,인종실록: 간원이 민전의 체직을 청하다,https://sillok.history.go.kr/id/kla_10101012_003,1
7325,인종실록,인종실록: 대간이 합사하여 홍언필과 이기의 체직을 청하다,https://sillok.history.go.kr/id/kla_10101014_003,1
7326,인종실록,인종실록: 대간이 이기의 자급을 올려 준 것을 개정하라고 청하다,https://sillok.history.go.kr/id/kla_10101015_003,1
7327,인종실록,인종실록: 간원이 곡하는 위치를 바로잡을 것을 청하다,https://sillok.history.go.kr/id/kla_10101016_003,1
7328,인종실록,인종실록: 좌의정 윤인경 등이 찬선을 들 것을 권하다,https://sillok.history.go.kr/id/kla_10101021_002,1
7329,인종실록,인종실록: 부제학 송세형 등이 옥체를 잘 보존할 것을 청하다,https://sillok.history.go.kr/id/kla_10101023_002,1
7330,인종실록,인종실록: 지중추부사 이언적이 올린 사장(辭狀),https://sillok.history.go.kr/id/kla_10101101_006,1
7331,인종실록,인종실록: 해양군 윤희평의 졸기,https://sillok.history.go.kr/id/kla_10101104_006,1
7332,인종실록,인종실록: 정원에 유지번의 일을 전교하다,https://sillok.history.go.kr/id/kla_10101108_002,1
7333,인종실록,인종실록: 정부가 진찰할 것을 청하다,https://sillok.history.go.kr/id/kla_10101109_002,1
7334,인종실록,인종실록: 삼공에게 명정을 고치라고 전교하다,https://sillok.history.go.kr/id/kla_10101118_004,1
7335,인종실록,인종실록: 부제학 송세형 등이 산릉 행차의 중지를 청하다,https://sillok.history.go.kr/id/kla_10101126_003,1
7336,인종실록,인종실록: 대간이 산릉 행차의 중지를 청하다,https://sillok.history.go.kr/id/kla_10101127_005,1
7337,인종실록,인종실록: 정부·중추부 등의 당상관이 산릉 행차의 중지를 청하다,https://sillok.history.go.kr/id/kla_10101129_005,1
7338,인종실록,인종실록: 정부가 산릉 거둥의 중지를 청하다,https://sillok.history.go.kr/id/kla_10102005_002,1
7339,인종실록,인종실록: 홍언필이 고깃국을 들 것을 청하다,https://sillok.history.go.kr/id/kla_10102007_002,1
7340,인종실록,인종실록: 대간이 초우제를 섭행시킬 것을 아뢰다,https://sillok.history.go.kr/id/kla_10102008_004,1
7341,인종실록,인종실록: 정부가 백관을 거느리고 고깃국을 드시라고 권하다,https://sillok.history.go.kr/id/kla_10102011_001,1
7342,인종실록,인종실록: 정부와 육조의 참판 이상이 권제를 따를 것을 자전에 아뢰다,https://sillok.history.go.kr/id/kla_10102012_002,1
7343,인종실록,인종실록: 박세거 등이 진찰하다,https://sillok.history.go.kr/id/kla_10102014_004,1
7344,인종실록,인종실록: 대간과 홍문관이 진찰을 청하다,https://sillok.history.go.kr/id/kla_10102020_002,1
7345,인종실록,인종실록: 이성군 이관 등 종실이 권제를 따를 것을 청하다,https://sillok.history.go.kr/id/kla_10102021_004,1
7346,인종실록,인종실록: 정부·중추부 등이 권제를 따르기를 청하다,https://sillok.history.go.kr/id/kla_10102022_002,1
7347,인종실록,인종실록: 대전의 탄일이었으나 하례를 받지 않다,https://sillok.history.go.kr/id/kla_10102025_001,1
7348,인종실록,인종실록: 대간이 소세양을 서용하라는 명을 거둘 것과 사신에게 산디를 베풀 것을 청하다,https://sillok.history.go.kr/id/kla_10102026_001,1
7349,인종실록,인종실록: 대간이 강현·윤원형 등의 관직 제수를 개정하라고 청하다,https://sillok.history.go.kr/id/kla_10103002_002,1
7350,인종실록,인종실록: 예문관 봉교 민사도 등이 올린 실록각을 여는 문제를 반대하는 차자,https://sillok.history.go.kr/id/kla_10103003_005,1
7351,인종실록,인종실록: 대간이 강현·윤원형의 가자를 거둘 것을 청하다,https://sillok.history.go.kr/id/kla_10103005_002,1
7352,인종실록,인종실록: 헌부가 이지·윤우·김한필 등의 체직을 청하다,https://sillok.history.go.kr/id/kla_10103006_003,1
7353,인종실록,인종실록: 정릉에 배알하다,https://sillok.history.go.kr/id/kla_10103011_001,1
7354,인종실록,인종실록: 영의정 윤인경이 사퇴를 청하다,https://sillok.history.go.kr/id/kla_10103013_001,1
7355,인종실록,인종실록: 사부 이증영의 시폐에 대한 상소,https://sillok.history.go.kr/id/kla_10103013_005,1
7356,인종실록,인종실록: 정원이 왜의 서계에 관해 아뢰다,https://sillok.history.go.kr/id/kla_10103016_001,1
7357,인종실록,인종실록: 일본 사신이 상륙하다,https://sillok.history.go.kr/id/kla_10103018_005,1
7358,인종실록,인종실록: 영의정 윤인경 등이 인재 등용에 대해 아뢰다,https://sillok.history.go.kr/id/kla_10103021_002,1
7359,인종실록,인종실록: 헌부가 양윤의를 탄핵하다,https://sillok.history.go.kr/id/kla_10103022_003,1
7360,인종실록,인종실록: 정원에 중종의 어용을 봉심할 것을 전교하다,https://sillok.history.go.kr/id/kla_10103024_001,1
7361,인종실록,인종실록: 경연할 때 자리를 설치하는 것에 대해 전교하다,https://sillok.history.go.kr/id/kla_10103026_002,1
7362,인종실록,인종실록: 예조가 중국 사신과 관련된 예에 대해 아뢰다,https://sillok.history.go.kr/id/kla_10103028_002,1
7363,인종실록,인종실록: 간원이 경연을 충실히 하는 문제를 의논드리다,https://sillok.history.go.kr/id/kla_10104006_002,1
7364,인종실록,인종실록: 조강에 나아가다,https://sillok.history.go.kr/id/kla_10104008_001,1
7365,인종실록,인종실록: 정원이 주서의 추고를 청하다,https://sillok.history.go.kr/id/kla_10104009_002,1
7366,인종실록,인종실록: 문례관 정원이 사시·사부 때의 예를 아뢰다,https://sillok.history.go.kr/id/kla_10104010_001,1
7367,인종실록,인종실록: 조강에 나아가다,https://sillok.history.go.kr/id/kla_10104011_001,1
7368,인종실록,인종실록: 좌승지 원혼이 관상감을 추고할 것을 청하다,https://sillok.history.go.kr/id/kla_10104013_002,1
7369,인종실록,인종실록: 정원이 사신을 맞이하는 예에 관해 아뢰다,https://sillok.history.go.kr/id/kla_10104014_001,1
7370,인종실록,인종실록: 대사간 이윤경 등의 군주의 치도 등에 관한 상소,https://sillok.history.go.kr/id/kla_10104015_004,1
7371,인종실록,인종실록: 헌부가 성절사의 행차에 관련된 일을 아뢰다,https://sillok.history.go.kr/id/kla_10104017_002,1
7372,인종실록,인종실록: 기우제에 차출된 인원을 보고하라고 전교하다,https://sillok.history.go.kr/id/kla_10104023_001,1
7373,인종실록,인종실록: 대간이 색승지·도승지의 추고를 청하다,https://sillok.history.go.kr/id/kla_10104024_002,1
7374,인종실록,인종실록: 영의정 윤인경 등이 조칙을 맞이하는 예에 대해 아뢰다,https://sillok.history.go.kr/id/kla_10104026_003,1
7375,인종실록,인종실록: 정원이 원접사에게 하유할 것을 청하다,https://sillok.history.go.kr/id/kla_10104027_001,1
5116,정조실록,정조실록: 경희궁의 숭정문에서 즉위하다,https://sillok.history.go.kr/id/kva_10003010_001,1
5115,정조실록,정조실록: 왕비를 왕대비로 삼고 혜빈을 혜경궁으로 삼았으며 빈궁을 왕비로 삼다,https://sillok.history.go.kr/id/kva_10003010_002,1
5107,정조실록,정조실록: 중외에 교문을 반포하여 사면의 은전을 내리다,https://sillok.history.go.kr/id/kva_10003010_003,1
5121,정조실록,정조실록: 빈전 문밖에서 대신들을 소견하고 사도 세자에 관한 명을 내리다,https://sillok.history.go.kr/id/kva_10003010_004,1
6182,정조실록,정조실록: 빈전·국장·산릉의 세 도감을 두고 신회·조중회·채제공 등을 각각의 제조로 삼다,https://sillok.history.go.kr/id/kva_10003010_005,1
5118,정조실록,정조실록: 신회·정창순·이진형에게 관직을 제수하다,https://sillok.history.go.kr/id/kva_10003010_006,1
6181,정조실록,정조실록: 평천관을 협소하게 제작했던 상의원의 세 제조를 파직하다,https://sillok.history.go.kr/id/kva_10003010_007,1
5120,정조실록,정조실록: 삭망 및 상향 때 병이 없으면 친히 거행하는 것을 정식으로 삼다,https://sillok.history.go.kr/id/kva_10003010_008,1
6202,정조실록,정조실록: 의약청 의관의 국문을 정지시키다,https://sillok.history.go.kr/id/kva_10003010_009,1
6204,정조실록,정조실록: 궁성의 호위를 철수하다,https://sillok.history.go.kr/id/kva_10003010_010,1
6207,정조실록,정조실록: 임시로 시강원과 익위사를 폐지하다,https://sillok.history.go.kr/id/kva_10003010_011,1
5117,정조실록,정조실록: 찬집청과 교정청을 설치하게 하다,https://sillok.history.go.kr/id/kva_10003011_001,1
6211,정조실록,정조실록: 김종정을 공조 판서로 삼다,https://sillok.history.go.kr/id/kva_10003011_002,1
6197,정조실록,정조실록: 호조 판서 채제공을 체직하고 예조 판서 조중회를 파직하다,https://sillok.history.go.kr/id/kva_10003011_003,1
6196,정조실록,정조실록: 경희궁의 태령전을 혼전으로 하고 혼전 수리 도감을 두게 하다,https://sillok.history.go.kr/id/kva_10003011_004,1
6183,정조실록,정조실록: 정상순·서명선·김종정·윤동선을 각기 빈전·국장·산릉 도감 제조로 삼다,https://sillok.history.go.kr/id/kva_10003011_005,1
6195,정조실록,정조실록: 왕대비가 은자 1천 냥을 유사에게 내리도록 언문으로 하교하다,https://sillok.history.go.kr/id/kva_10003012_001,1
6200,정조실록,정조실록: 대행 대왕의 시호·묘호·전호·능호를 정하다,https://sillok.history.go.kr/id/kva_10003012_002,1
6209,정조실록,정조실록: 홍낙성을 산릉 도감 제조로 삼다,https://sillok.history.go.kr/id/kva_10003012_003,1
6208,정조실록,정조실록: 홍국영을 승정원 동부승지로 삼다,https://sillok.history.go.kr/id/kva_10003013_001,1
6205,정조실록,정조실록: 여차에 나아가다,https://sillok.history.go.kr/id/kva_10003013_002,1
6190,정조실록,정조실록: 대신과 도감의 당상들을 소견하여 각 기관에 돈과 곡식을 획급하게 하다,https://sillok.history.go.kr/id/kva_10003013_003,1
6201,정조실록,정조실록: 세 도감에서 사용할 물력을 내리다,https://sillok.history.go.kr/id/kva_10003014_001,1
6184,정조실록,정조실록: 원상 김상철이 철직하다,https://sillok.history.go.kr/id/kva_10003014_002,1
6193,정조실록,정조실록: 등극하기 이전의 환시와 액정서 소속의 과·궁인을 줄이도록 명하다,https://sillok.history.go.kr/id/kva_10003015_001,1
6187,정조실록,"정조실록: 인산 후 혼전을 창경궁 문정전으로, 휘령전을 강서원으로 옮겨 봉안하라 명하다",https://sillok.history.go.kr/id/kva_10003016_001,1
5111,정조실록,정조실록: 연거대를 개정하자는 정재관 등의 상소에 불가하다 하고 정재관을 정거시키다,https://sillok.history.go.kr/id/kva_10003016_002,1
6191,정조실록,정조실록: 혼전·산릉의 제전에 쓰는 각종의 것을 정축년에 수교한대로 하게 하다,https://sillok.history.go.kr/id/kva_10003017_001,1
6180,정조실록,정조실록: 대보단의 시향을 정지하게 하다,https://sillok.history.go.kr/id/kva_10003018_001,1
6192,정조실록,"정조실록: 주문을 지제교가, 문형이 있을 때는 문형이 지어 올리도록 명하다",https://sillok.history.go.kr/id/kva_10003018_002,1
5114,정조실록,"정조실록: 효장 세자를 진종 대왕, 효순 현빈을 효순 왕후로 추숭하고 시호를 내리다",https://sillok.history.go.kr/id/kva_10003019_001,1
6203,정조실록,정조실록: 총호사 신회를 파직시키다,https://sillok.history.go.kr/id/kva_10003019_002,1
6194,정조실록,"정조실록: 복상하고 김양택을 의정부 영의정으로, 김상철을 좌상으로 삼다",https://sillok.history.go.kr/id/kva_10003019_003,1
6199,정조실록,정조실록: 정경 부인 김씨와 이씨에게 부인 칭호를 내리다,https://sillok.history.go.kr/id/kva_10003019_004,1
6185,정조실록,"정조실록: 김상철을 총호사로, 윤득양을 이조 참판으로 삼다",https://sillok.history.go.kr/id/kva_10003019_005,1
6212,정조실록,정조실록: 수은묘의 수봉관을 두다,https://sillok.history.go.kr/id/kva_10003019_006,1
6179,정조실록,정조실록: 새 부절을 중외에 반포하다,https://sillok.history.go.kr/id/kva_10003019_007,1
5113,정조실록,"정조실록: 사도 세자의 존호를 장헌, 수은묘의 봉호를 영우원, 사당을 경모궁이라 하다",https://sillok.history.go.kr/id/kva_10003020_001,1
6189,정조실록,"정조실록: 김치인을 판중추부사로 삼고, 고부 청시 청승습 겸 진주 정사로 제배하다",https://sillok.history.go.kr/id/kva_10003021_001,1
5112,정조실록,정조실록: 김양택·채제공·김종정·이휘지·김한기를 각 도감 제조로 삼다,https://sillok.history.go.kr/id/kva_10003021_002,1
6198,정조실록,정조실록: 예조 판서 채제공을 체직하고 정존겸으로 대신하다,https://sillok.history.go.kr/id/kva_10003021_003,1
6188,정조실록,"정조실록: 대전과 전궁에 진공하는 물건들을 감하고, 대전 궁인의 명색을 혁파하게 하다",https://sillok.history.go.kr/id/kva_10003021_004,1
5109,정조실록,정조실록: 황해 도사 이현모의 직을 태거하다,https://sillok.history.go.kr/id/kva_10003022_001,1
6206,정조실록,정조실록: 정이환을 발탁하여 홍문관 부제학으로 삼다,https://sillok.history.go.kr/id/kva_10003022_002,1
5110,정조실록,"정조실록: 표신과 부패를 반포하고, 대자교 소자교 내지를 다시 만들어 입계하라 명하다",https://sillok.history.go.kr/id/kva_10003022_003,1
5108,정조실록,정조실록: 태묘 이하 각 사당의 축문 격식을 정하다,https://sillok.history.go.kr/id/kva_10003023_001,1
6210,정조실록,정조실록: 이계를 사헌부 대사헌으로 삼다,https://sillok.history.go.kr/id/kva_10003023_002,1
6186,정조실록,정조실록: 총호사와 여러 대신·지사들과 산릉을 의논하여 정하다,https://sillok.history.go.kr/id/kva_10003024_001,1
5119,정조실록,정조실록: 김익을 성균관 대사성으로 삼다,https://sillok.history.go.kr/id/kva_10003024_002,1
7376,정조실록,정조실록: 김종정을 파직시키다,https://sillok.history.go.kr/id/kva_10003027_002,1
7377,정조실록,정조실록: 우의정 이은을 면직하다,https://sillok.history.go.kr/id/kva_10003028_002,1
7378,정조실록,정조실록: 공제 뒤와 졸곡 이전의 시사복을 백포립·생포 직령 등으로 사용하게 하다,https://sillok.history.go.kr/id/kva_10003028_007,1
7379,정조실록,"정조실록: 숙의 문씨의 작호를 삭탈하고, 문성국을 노적시키며, 어미는 제주의 비로 삼다",https://sillok.history.go.kr/id/kva_10003030_002,1
7380,정조실록,"정조실록: 이광좌·조태억·최석항의 관작을 추탈하고, 김약행을 금고하다",https://sillok.history.go.kr/id/kva_10004001_002,1
7381,정조실록,정조실록: 혜경궁 사친의 묘와 사당의 제수·수묘군을 사례에 맞추어 정해 주라 명하다,https://sillok.history.go.kr/id/kva_10004008_002,1
7382,정조실록,정조실록: 대행 대왕의 산릉을 정하고 능 이름을 원릉으로 정하다,https://sillok.history.go.kr/id/kva_10004011_001,1
7383,정조실록,정조실록: 저경궁·순강원의 향사 및 분향을 조묘의 예대로 하도록 명하다,https://sillok.history.go.kr/id/kva_10004012_001,1
7384,정조실록,정조실록: 승지에게 명하여 영우원을 봉심하게 하다,https://sillok.history.go.kr/id/kva_10004013_002,1
7385,정조실록,정조실록: 영종의 어진을 경현당에 옮기어 봉안하도록 하다,https://sillok.history.go.kr/id/kva_10004017_001,1
7386,정조실록,정조실록: 전 판서 정실의 졸기,https://sillok.history.go.kr/id/kva_10004018_002,1
7387,정조실록,정조실록: 금오의 여러 당상들을 삭직하다,https://sillok.history.go.kr/id/kva_10004021_002,1
7388,정조실록,"정조실록: 김양택의 총호사 직을 김상철로 대신하고, 김상철을 상시 봉원 도감 도제조로 삼다",https://sillok.history.go.kr/id/kva_10004022_002,1
7389,정조실록,정조실록: 정원시 등이 이창임의 관작 추탈과 형제를 사판에서 삭제하기를 청하니 윤허하다,https://sillok.history.go.kr/id/kva_10004026_001,1
7390,정조실록,정조실록: 사헌부와 사간원에서 김수현과 구상을 엄벌하도록 계청하나 윤허하지 않다,https://sillok.history.go.kr/id/kva_10004027_001,1
7391,정조실록,정조실록: 이휘지·장지항·김한기·이한응을 불러 법도와 명기의 문란함을 의논하다,https://sillok.history.go.kr/id/kva_10004027_005,1
7392,정조실록,"정조실록: 신여와 의장을 길복으로, 시위들의 복색은 소복으로 하도록 명하다",https://sillok.history.go.kr/id/kva_10005001_005,1
7393,정조실록,정조실록: 장리 홍술해를 사형을 감하여 정배하라 명하다,https://sillok.history.go.kr/id/kva_10005003_002,1
7394,정조실록,정조실록: 차대를 행하여 홍술해와 심상운 등에 대한 엄벌 요구를 윤허하지 않다,https://sillok.history.go.kr/id/kva_10005006_001,1
7395,정조실록,정조실록: 지제교 엄사만을 체직하다,https://sillok.history.go.kr/id/kva_10005006_005,1
7396,정조실록,정조실록: 은언군 이인에게 가자하게 하다,https://sillok.history.go.kr/id/kva_10005008_003,1
7397,정조실록,정조실록: 빈전에서 친히 진향하다,https://sillok.history.go.kr/id/kva_10005011_001,1
7398,정조실록,정조실록: 구윤명 등의 일에 구익이 추종을 거느리고 도로에서 소리질렀음을 첨가하다,https://sillok.history.go.kr/id/kva_10005011_005,1
7399,정조실록,정조실록: 김상복 등이 백관을 거느리고 문녀의 처벌을 권하자 도성 밖에 안치를 명하다,https://sillok.history.go.kr/id/kva_10005014_002,1
7400,정조실록,정조실록: 김상복 등이 문녀를 법대로 처치하기를 정청하자 윤허하지 않다,https://sillok.history.go.kr/id/kva_10005015_003,1
7401,정조실록,정조실록: 이보온이 신회 등 신씨 족속의 처벌을 원하는 상소를 올리자 비답을 내리다,https://sillok.history.go.kr/id/kva_10005020_002,1
7402,정조실록,정조실록: 사대부를 예우하는 그 전의 법제를 밝히도록 하교하다,https://sillok.history.go.kr/id/kva_10005022_001,1
7403,정조실록,"정조실록: 호조의 산학 산원을 주학 계사로, 이산을 초산으로, 이산을 이성으로 고치다",https://sillok.history.go.kr/id/kva_10005022_005,1
7404,정조실록,정조실록: 황경원 등을 불러 유학을 숭상하고 도를 중히 여기는 문제에 대하여 하교하다,https://sillok.history.go.kr/id/kva_10005024_002,1
7405,정조실록,정조실록: 홍억이 정후겸을 목베고 그의 무리들을 법대로 정형하기를 상소하나 윤허않다,https://sillok.history.go.kr/id/kva_10005025_003,1
7406,정조실록,정조실록: 정거하여 사문을 존숭하고 빗나가는 의논을 막도록 하다,https://sillok.history.go.kr/id/kva_10005026_002,1
7407,정조실록,정조실록: 이조 낭관의 통청하는 제도를 복구하다,https://sillok.history.go.kr/id/kva_10005029_002,1
7408,정조실록,정조실록: 권도·조준·이상악·유언호·윤홍렬에게 관직을 제수하다,https://sillok.history.go.kr/id/kva_10006002_002,1
7409,정조실록,정조실록: 인산 길일에 관한 유학 김엽의 상소가 거짓되어 유사에 내려 조율하라 하다,https://sillok.history.go.kr/id/kva_10006005_001,1
7410,정조실록,정조실록: 초우제를 능소에서 설행하고 그 이튿날 반우하도록 명하다,https://sillok.history.go.kr/id/kva_10006008_002,1
7411,정조실록,정조실록: 제주 백성들이 능의 역사에 부역하러 오니 양식을 넉넉히 주라 하교하다,https://sillok.history.go.kr/id/kva_10006012_001,1
7412,정조실록,정조실록: 부사직 조명정이 상소하여 전일의 상소를 받아들여주기를 청하니 비답하다,https://sillok.history.go.kr/id/kva_10006015_003,1
7413,정조실록,정조실록: 재령을 범한 영제 대감의 하례들을 감독하지 못한 대사헌 이성규를 체직하다,https://sillok.history.go.kr/id/kva_10006017_002,1
7414,정조실록,정조실록: 도목정을 거행하여 구윤옥·이해중 등에게 관직을 제수하고 하교하다,https://sillok.history.go.kr/id/kva_10006020_001,1
7415,정조실록,정조실록: 대사헌 이해중을 단천부에 찬배하고 김재순을 제배하여 대신하다,https://sillok.history.go.kr/id/kva_10006025_002,1
7416,정조실록,정조실록: 삼사에서 전계하여 홍인한을 처단할 것을 청하나 들어주지 않다,https://sillok.history.go.kr/id/kva_10006026_004,1
7417,정조실록,정조실록: 김상정을 방귀 전리하다,https://sillok.history.go.kr/id/kva_10006029_001,1
7418,정조실록,정조실록: 양사에서 합계하여 윤약연 등을 다시 국문하고 홍상간을 다시 치죄하기 청하다,https://sillok.history.go.kr/id/kva_10006030_003,1
7419,정조실록,정조실록: 제적들의 반역한 정절을 반시하는 윤음을 중외에 내리다,https://sillok.history.go.kr/id/kva_10007003_002,1
7420,정조실록,정조실록: 김이인 등이 상소하여 두 역적을 토죄했으나 윤허를 아끼다,https://sillok.history.go.kr/id/kva_10007004_003,1
7421,정조실록,정조실록: 차대하여 홍인한과 정후겸에게 노적하도록 아뢰었으나 윤허하지 않다,https://sillok.history.go.kr/id/kva_10007006_005,1
7422,정조실록,정조실록: 민지섭·전광운·이철운 등을 간삭하고 오보원·이근 등은 도태시키게 하다,https://sillok.history.go.kr/id/kva_10007011_002,1
7423,정조실록,정조실록: 안동 현감 이양정을 개차하다,https://sillok.history.go.kr/id/kva_10007013_001,1
7424,정조실록,정조실록: 삼사에서 홍인한·정후겸을 수노하고 적산하는 일로 전계하니 꾸짖다,https://sillok.history.go.kr/id/kva_10007017_001,1
7425,정조실록,정조실록: 조조의 예를 《오례의》대로 하도록 명하다,https://sillok.history.go.kr/id/kva_10007021_001,1
7426,정조실록,정조실록: 양사에서 심상운을 노적하고 홍낙임을 국문하도록 합계하나 윤허하지 않다,https://sillok.history.go.kr/id/kva_10007023_002,1
5131,정종실록,정종실록: 명나라 건문 연호를 비로소 시행하다,https://sillok.history.go.kr/id/kba_10101001_001,1
6213,정종실록,정종실록: 임금이 종친을 거느리고 태상전에 조회하고 하례를 행하다,https://sillok.history.go.kr/id/kba_10101001_002,1
6226,정종실록,정종실록: 눈바람이 거세게 일어 지붕의 기와가 날아 떨어지다. 화성의 위치,https://sillok.history.go.kr/id/kba_10101002_001,1
6229,정종실록,정종실록: 홍제원에 거둥하여 명나라 서울에 가는 우정승 김사형을 전송하다,https://sillok.history.go.kr/id/kba_10101002_002,1
6231,정종실록,정종실록: 화성이 항수 제2성 자리에 있었는데 그 사이가 4치쯤 되다,https://sillok.history.go.kr/id/kba_10101003_001,1
6242,정종실록,정종실록: 경연에 나아가 《의기도》를 벽에 걸다,https://sillok.history.go.kr/id/kba_10101003_002,1
6219,정종실록,정종실록: 연경사에 법석을 베풀었으니 새로 이룩한 금자 화엄경을 운반하기 때문이다,https://sillok.history.go.kr/id/kba_10101003_003,1
6220,정종실록,정종실록: 중 설오를 보내 보살재를 금강산 등에서 베풀고 중 2백 명을 공궤하다,https://sillok.history.go.kr/id/kba_10101003_004,1
5130,정종실록,정종실록: 노비 변정 도감에서 송사를 결단하는 것을 2월 그믐날까지로 한정하다,https://sillok.history.go.kr/id/kba_10101003_005,1
6247,정종실록,정종실록: 화성이 항수 제2성을 범하다,https://sillok.history.go.kr/id/kba_10101007_001,1
5125,정종실록,정종실록: 사관이 비로소 경연에 입시하다,https://sillok.history.go.kr/id/kba_10101007_002,1
6214,정종실록,정종실록: 순군부에 명하여 형조에 체류된 죄수를 판결하게 하다,https://sillok.history.go.kr/id/kba_10101007_003,1
5126,정종실록,정종실록: 경연에서 지경연사 조박이 《논어》를 진강하다,https://sillok.history.go.kr/id/kba_10101007_004,1
5129,정종실록,정종실록: 선군(船軍)에게 어염의 역사를 면제하다,https://sillok.history.go.kr/id/kba_10101007_005,1
6225,정종실록,정종실록: 나무에 서리가 내리고 화성이 항수의 제1성과 제2성 사이에 있다,https://sillok.history.go.kr/id/kba_10101009_001,1
6239,정종실록,정종실록: 경연에서 중추원 학사 이첨이 《논어》를 진강하다,https://sillok.history.go.kr/id/kba_10101009_002,1
5124,정종실록,정종실록: 문하부에서 왕흥·유은지·유연지 등에게 죄주기를 청하였으나 모두 용서하다,https://sillok.history.go.kr/id/kba_10101009_003,1
5128,정종실록,정종실록: 충청도에서 금년에 바칠 군자로 기민을 진휼하였으니 감사 이지의 계청을 따른 것이다,https://sillok.history.go.kr/id/kba_10101009_004,1
5136,정종실록,정종실록: 경상도 감사에게 명하여 불경을 해인사에서 인쇄하는 승도에게 공궤하게 하다,https://sillok.history.go.kr/id/kba_10101009_005,1
6246,정종실록,정종실록: 올적합족 2인과 여진족 2인이 오다,https://sillok.history.go.kr/id/kba_10101009_006,1
5123,정종실록,"정종실록: 계품사 설장수를 진향사로 고쳐 김사형, 하윤과 함께 명나라에 입조하게 하다",https://sillok.history.go.kr/id/kba_10101009_007,1
5127,정종실록,정종실록: 경연에서 이서·조용·배중륜 등과 임금의 도리에 관해서 논하다,https://sillok.history.go.kr/id/kba_10101009_008,1
6236,정종실록,정종실록: 감사 이지의 상언에 따라 충청도 병선 20척을 감하다,https://sillok.history.go.kr/id/kba_10101009_009,1
6241,정종실록,정종실록: 덕비의 생일이므로 중외의 경죄를 용서하다,https://sillok.history.go.kr/id/kba_10101009_010,1
6228,정종실록,정종실록: 경연에서 조박에게 임금이 격구하는 것이 건강상 이유임을 말하다,https://sillok.history.go.kr/id/kba_10101009_011,1
6223,정종실록,정종실록: 내정에서 격구하는데 전 참지문하부사 도흥·유운과 종친 등이 참석하다,https://sillok.history.go.kr/id/kba_10101009_012,1
5122,정종실록,정종실록: 문하부에서 윤문수노가 거상중에 장가들었다고 죄를 극력 청하였으나 윤허하지 않다,https://sillok.history.go.kr/id/kba_10101009_013,1
6245,정종실록,정종실록: 도흥·유운 등과 더불어 내정에서 격구하다,https://sillok.history.go.kr/id/kba_10101009_014,1
5135,정종실록,정종실록: 대사헌 조박의 아들 조신언에게 상복을 벗고 회안공의 딸에게 장가들라고 명하다,https://sillok.history.go.kr/id/kba_10101009_015,1
6215,정종실록,정종실록: 오도리 만호 동소로가 오다,https://sillok.history.go.kr/id/kba_10101009_016,1
5134,정종실록,정종실록: 큰 바람이 불다. 사진이 일어나 눈을 뜨지 못하여 지척의 사람도 볼 수 없었다,https://sillok.history.go.kr/id/kba_10101019_001,1
6222,정종실록,정종실록: 여흥백 민제를 충청도·전라도·경상도에 보내어 안태할 땅을 잡게 하다,https://sillok.history.go.kr/id/kba_10101019_002,1
6234,정종실록,정종실록: 전대 군신의 자취를 보기 위해 《고려사》를 바치도록 하다,https://sillok.history.go.kr/id/kba_10101019_003,1
6224,정종실록,정종실록: 태상왕이 무안군 이방번의 옛집으로 이어하려 하다가 실행하지 못하다,https://sillok.history.go.kr/id/kba_10101019_004,1
6230,정종실록,정종실록: 각도 감사에게 사미(賜米)를 주지 않고 실직에 따라 반록하다,https://sillok.history.go.kr/id/kba_10101019_005,1
6233,정종실록,정종실록: 배 타는 격군에게 사관(射官)의 예에 의하여 직책을 주다,https://sillok.history.go.kr/id/kba_10101019_006,1
6240,정종실록,정종실록: 경연에 나아가 강을 끝내고 내정에서 격구하다,https://sillok.history.go.kr/id/kba_10101019_007,1
6244,정종실록,정종실록: 장가물 등 5인에게 월료를 주다,https://sillok.history.go.kr/id/kba_10101019_008,1
6238,정종실록,정종실록: 축성 관원과 여러 절제사 휘하에게 첨설작을 주다,https://sillok.history.go.kr/id/kba_10101019_009,1
6216,정종실록,정종실록: 박만으로 중추원 부사를 삼다,https://sillok.history.go.kr/id/kba_10101019_010,1
6232,정종실록,정종실록: 정안공이 겸 판상서사사의 사면을 청하였으나 윤허하지 않다,https://sillok.history.go.kr/id/kba_10101019_011,1
6221,정종실록,정종실록: 경기좌도 처인현의 겸관인 쌍부현을 혁파하여 도로 수원부에 소속시키다,https://sillok.history.go.kr/id/kba_10101019_012,1
6227,정종실록,정종실록: 동북면 도내의 선군에게 벼슬을 주고 급전하는 등의 일을 청하다,https://sillok.history.go.kr/id/kba_10101019_013,1
5133,정종실록,정종실록: 길주 도진무 신분을 보내어 수주의 올량합족과 오음회의 오도리족 만호 등에게 술을 하사하다,https://sillok.history.go.kr/id/kba_10101019_014,1
6218,정종실록,정종실록: 대사헌 조박이 격구를 과도하게 하지 말기를 청하니 임금이 그렇게 여기다,https://sillok.history.go.kr/id/kba_10101019_015,1
6237,정종실록,정종실록: 조박이 임금이 격구 즐기는 것을 근심하여 말하다,https://sillok.history.go.kr/id/kba_10101019_016,1
6235,정종실록,정종실록: 화성이 항수 제2성 서쪽에 있는데 간격이 5치 쯤 되다,https://sillok.history.go.kr/id/kba_10101030_001,1
6243,정종실록,정종실록: 왕흥을 개성에 안치할 것을 명하다,https://sillok.history.go.kr/id/kba_10102001_001,1
6217,정종실록,정종실록: 정탁으로 풍해도 도관찰출척사를 삼다,https://sillok.history.go.kr/id/kba_10102001_002,1
5132,정종실록,정종실록: 정안공이 판상서사사를 사면하기를 청하니 임금이 그대로 따르다,https://sillok.history.go.kr/id/kba_10102001_003,1
5137,중종실록,중종실록: 중종 반정을 일으키다,https://sillok.history.go.kr/id/kka_10109002_001,1
5147,중종실록,중종실록: 연산의 죄상에 대한 사신의 논찬,https://sillok.history.go.kr/id/kka_10109002_002,1
6249,중종실록,중종실록: 장녹수 등을 참하고 폐주의 금인·화압·승명패를 철패하다,https://sillok.history.go.kr/id/kka_10109002_003,1
5138,중종실록,중종실록: 반정의 공신에게 당직을 명하다,https://sillok.history.go.kr/id/kka_10109002_004,1
5148,중종실록,중종실록: 홍 숙의·박숭질을 복관하고 폐주의 동서 금표를 폐하다,https://sillok.history.go.kr/id/kka_10109002_005,1
6274,중종실록,중종실록: 폐주를 교동에 안치하다,https://sillok.history.go.kr/id/kka_10109002_006,1
5141,중종실록,중종실록: 폐주 때의 사무를 정리하다,https://sillok.history.go.kr/id/kka_10109003_001,1
6277,중종실록,중종실록: 폐왕을 연산군에 봉하다,https://sillok.history.go.kr/id/kka_10109003_002,1
6254,중종실록,중종실록: 박원종 등이 신수근·신수겸·신수영·임사홍 등의 자제를 부처하도록 청하다,https://sillok.history.go.kr/id/kka_10109003_003,1
6261,중종실록,중종실록: 박원종 등의 의논으로 신계종·민자방을 석방하다,https://sillok.history.go.kr/id/kka_10109003_004,1
6258,중종실록,중종실록: 박원종·성희안 등이 임사홍의 연좌 여부에 대해 아뢰다,https://sillok.history.go.kr/id/kka_10109003_005,1
5150,중종실록,중종실록: 일체의 법제와 경연·중궁 책봉을 마련하게 하다,https://sillok.history.go.kr/id/kka_10109003_006,1
6271,중종실록,중종실록: 묵은 진상에 관한 폐단을 혁파하다,https://sillok.history.go.kr/id/kka_10109003_007,1
6268,중종실록,중종실록: 박원종·성희안·유순정의 포상을 의논하다,https://sillok.history.go.kr/id/kka_10109003_008,1
6263,중종실록,중종실록: 조폐한 역로를 회복시킬 절목을 마련하게 하다,https://sillok.history.go.kr/id/kka_10109003_009,1
6266,중종실록,중종실록: 대궐에 나오는 재상은 앞서대로 공궤케 하다,https://sillok.history.go.kr/id/kka_10109003_010,1
6250,중종실록,중종실록: 신수근·신수겸·신수영·윤구의 아들과 사위 및 신승복을 원방에 부처하다,https://sillok.history.go.kr/id/kka_10109003_011,1
6257,중종실록,중종실록: 장녹수 등의 가노들을 치죄하고 심금손 등의 가산을 적몰하다,https://sillok.history.go.kr/id/kka_10109003_012,1
6265,중종실록,중종실록: 노인 등이 대궐 뜰에서 절하니 술을 내리다,https://sillok.history.go.kr/id/kka_10109004_002,1
6276,중종실록,중종실록: 성균관 생원 이도 등이 하례하다,https://sillok.history.go.kr/id/kka_10109004_003,1
5140,중종실록,중종실록: 임사홍에 빌붙어 벼슬한 자들을 추치하다,https://sillok.history.go.kr/id/kka_10109004_004,1
6270,중종실록,중종실록: 청사위사·청승습사를 파견하게 하다,https://sillok.history.go.kr/id/kka_10109004_007,1
6272,중종실록,중종실록: 조참시 면포 단령을 입게 하다,https://sillok.history.go.kr/id/kka_10109004_008,1
6273,중종실록,중종실록: 승정원 주서 2인을 감하다,https://sillok.history.go.kr/id/kka_10109004_009,1
6269,중종실록,중종실록: 대내에 들여 온 악기를 내보내게 하다,https://sillok.history.go.kr/id/kka_10109004_010,1
6278,중종실록,중종실록: 언문청을 혁파하다,https://sillok.history.go.kr/id/kka_10109004_011,1
6260,중종실록,"중종실록: 김응기를 청사위사로, 임유겸을 청승습사로 삼다",https://sillok.history.go.kr/id/kka_10109004_012,1
6279,중종실록,중종실록: 조참을 받다,https://sillok.history.go.kr/id/kka_10109005_001,1
5149,중종실록,중종실록: 폐왕 때 유배되었던 죄인들을 계품하여 서용하게 하다,https://sillok.history.go.kr/id/kka_10109005_002,1
5139,중종실록,중종실록: 병조 참의 김수정의 사직을 허락하고 우의정 김수동은 출사하게 하다,https://sillok.history.go.kr/id/kka_10109005_003,1
5146,중종실록,중종실록: 영의정 유순 등이 홍경주를 승지에 차임하기를 청하다,https://sillok.history.go.kr/id/kka_10109005_004,1
5142,중종실록,중종실록: 박원종 등이 폐세자 등의 안치 문제를 아뢰니 그대로 윤허하다,https://sillok.history.go.kr/id/kka_10109005_005,1
6251,중종실록,중종실록: 머리에 꽂는 다리의 봉진을 금하다,https://sillok.history.go.kr/id/kka_10109005_006,1
6255,중종실록,중종실록: 동서 잠실과 진지 차비 궁위령·기신제 담당 내관을 다시 설치하다,https://sillok.history.go.kr/id/kka_10109005_007,1
6256,중종실록,중종실록: 생원·진사·문무과 식년시를 파방하고 정묘년에 실시하게 하다,https://sillok.history.go.kr/id/kka_10109005_008,1
6275,중종실록,중종실록: 내관 최건을 벌하다,https://sillok.history.go.kr/id/kka_10109005_009,1
6253,중종실록,"중종실록: 김흥수 등의 가자, 충청도의 회복, 박원종의 사신 차정 문제 등을 의논하다",https://sillok.history.go.kr/id/kka_10109005_010,1
5143,중종실록,중종실록: 폐세자 등이 유배 갈 때 들것에 태우게 하다,https://sillok.history.go.kr/id/kka_10109005_011,1
6259,중종실록,중종실록: 폐왕의 숙의·숙용·숙원을 놓아 보내도록 명하다,https://sillok.history.go.kr/id/kka_10109005_012,1
6267,중종실록,중종실록: 경회루의 위배 및 차휘장을 돌려주게 하다,https://sillok.history.go.kr/id/kka_10109006_001,1
6262,중종실록,중종실록: 대간이 권영·민효손·곽인을 탄핵하니 윤허하다,https://sillok.history.go.kr/id/kka_10109006_002,1
5145,중종실록,중종실록: 폐왕의 나인의 족친들을 벌주다,https://sillok.history.go.kr/id/kka_10109006_003,1
6264,중종실록,중종실록: 신설된 광혜서·추혜서·영혜실 등을 혁파하다,https://sillok.history.go.kr/id/kka_10109006_004,1
6248,중종실록,중종실록: 김수동·박원종·성희안 등에게 관직을 제수하다,https://sillok.history.go.kr/id/kka_10109006_005,1
5151,중종실록,중종실록: 나인들 중 공사천과 여기들을 돌려 보내다,https://sillok.history.go.kr/id/kka_10109007_001,1
6252,중종실록,중종실록: 외공을 견감하다,https://sillok.history.go.kr/id/kka_10109007_002,1
5144,중종실록,중종실록: 사간원 소속 서리·나장·조례·노비들을 돌려 주다,https://sillok.history.go.kr/id/kka_10109007_003,1
6828,중종실록,중종실록: 영의정 유순 등이 청사위사와 청승습사가 황제에게 올릴 글의 격식을 상고해 아뢰다,https://sillok.history.go.kr/id/kka_10109007_005,1
6829,중종실록,중종실록: 함경도의 은 채취를 못하게 하다,https://sillok.history.go.kr/id/kka_10109007_010,1
6830,중종실록,중종실록: 공신을 책정하다,https://sillok.history.go.kr/id/kka_10109008_002,1
6831,중종실록,중종실록: 신수근의 딸을 궁밖으로 내치다,https://sillok.history.go.kr/id/kka_10109009_002,1
6832,중종실록,중종실록: 신수근의 동성 사오촌과 이성 삼사촌을 원방에 부처하다,https://sillok.history.go.kr/id/kka_10109009_007,1
6833,중종실록,중종실록: 대간이 공이 없는 공신과 나인을 탄핵하다,https://sillok.history.go.kr/id/kka_10109010_003,1
6834,중종실록,중종실록: 구문경 부처의 가사와 전민을 속공하다,https://sillok.history.go.kr/id/kka_10109011_005,1
6835,중종실록,중종실록: 유순·김수동·박원종 등에게 관작을 제수하다,https://sillok.history.go.kr/id/kka_10109013_004,1
6836,중종실록,중종실록: 영의정 유순 등이 궐 밖으로 나가려 하니 아직 머무르라 전교하다,https://sillok.history.go.kr/id/kka_10109014_003,1
6837,중종실록,중종실록: 사헌부가 민효증·신극성·이승녕·노종 등을 탄핵하니 이승녕·노종의 일만 허락하다,https://sillok.history.go.kr/id/kka_10109016_002,1
6838,중종실록,중종실록: 사헌부가 민효증을 탄핵하니 불허하다,https://sillok.history.go.kr/id/kka_10109017_003,1
6839,중종실록,중종실록: 신극성을 파면하다,https://sillok.history.go.kr/id/kka_10109018_001,1
6840,중종실록,"중종실록: 각도의 정문을 다시 세우고, 절행있는 자들을 포상토록 하다",https://sillok.history.go.kr/id/kka_10109019_001,1
6841,중종실록,중종실록: 대사헌 반우형을 체면하다,https://sillok.history.go.kr/id/kka_10109019_006,1
6842,중종실록,중종실록: 좌참찬 민효증이 사임하니 불허하다,https://sillok.history.go.kr/id/kka_10109019_010,1
6843,중종실록,중종실록: 영의정 유순 등이 폐왕 때 무고하게 죽은 이들의 녹용을 아뢰다,https://sillok.history.go.kr/id/kka_10109020_003,1
6844,중종실록,중종실록: 승습사·사위사가 가지고 갈 사목을 마련하다,https://sillok.history.go.kr/id/kka_10109021_006,1
6845,중종실록,중종실록: 원종 공신의 1등 상가는 친히 받게 하다,https://sillok.history.go.kr/id/kka_10109023_001,1
6846,중종실록,중종실록: 예조 판서 송일·참판 민상안을 망궐례를 잊은 일로 추문하다,https://sillok.history.go.kr/id/kka_10109023_005,1
6847,중종실록,중종실록: 우림위를 다시 설치하다,https://sillok.history.go.kr/id/kka_10109024_004,1
6848,중종실록,중종실록: 경연을 열게 하다,https://sillok.history.go.kr/id/kka_10109025_004,1
6849,중종실록,중종실록: 도적 잡을 절목을 마련하게 하다,https://sillok.history.go.kr/id/kka_10109027_005,1
6850,중종실록,중종실록: 공적에 누락된 이들을 기록하게 하다,https://sillok.history.go.kr/id/kka_10109029_002,1
6851,중종실록,중종실록: 폐왕 때 죄입은 이들에게 관작을 주다,https://sillok.history.go.kr/id/kka_10110002_010,1
6852,중종실록,중종실록: 대간이 합사하여 원종 공신의 일을 아뢰니 불허하다,https://sillok.history.go.kr/id/kka_10110003_003,1
6853,중종실록,중종실록: 폐왕에게 갖옷과 음식을 보내다,https://sillok.history.go.kr/id/kka_10110004_003,1
6854,중종실록,중종실록: 조강에서 공신 개정·성균관 수리·징렴의 견감 등을 의논하다,https://sillok.history.go.kr/id/kka_10110005_001,1
6855,중종실록,중종실록: 성준·이극균 등의 제사를 명하다,https://sillok.history.go.kr/id/kka_10110005_006,1
6856,중종실록,중종실록: 정원이 천둥친 것으로 경계하다,https://sillok.history.go.kr/id/kka_10110006_001,1
6857,중종실록,중종실록: 폐왕 때 죽은 이의 봉작과 공신의 일을 의논하다,https://sillok.history.go.kr/id/kka_10110007_002,1
6858,중종실록,중종실록: 친제 및 종묘·각전·배릉·배문묘의 일을 아뢰게 하다,https://sillok.history.go.kr/id/kka_10110007_007,1
6859,중종실록,중종실록: 대간이 영의정·정원·영경연의 개정을 아뢰니 불허하다,https://sillok.history.go.kr/id/kka_10110008_002,1
6860,중종실록,중종실록: 정인지 등의 제사·죄없이 죽은 이들의 녹용·김수동의 기복 사면 등을 의논하게 하다,https://sillok.history.go.kr/id/kka_10110008_006,1
6861,중종실록,중종실록: 안양군과 봉안군의 상례를 지내게 하다,https://sillok.history.go.kr/id/kka_10110011_002,1
6862,중종실록,중종실록: 경상도 관찰사 장순손을 인견하고 유시하다,https://sillok.history.go.kr/id/kka_10110013_002,1
6863,중종실록,중종실록: 수군 보충을 명하다,https://sillok.history.go.kr/id/kka_10110015_002,1
6864,중종실록,중종실록: 영의정 유순이 해직을 청하니 불허하다,https://sillok.history.go.kr/id/kka_10110017_001,1
6865,중종실록,중종실록: 임금과 신하가 한 소반에서 삽혈하게 하다,https://sillok.history.go.kr/id/kka_10110018_002,1
6866,중종실록,중종실록: 대간이 변오천·우윤공·진성군·송침 등을 탄핵하니 처리하다,https://sillok.history.go.kr/id/kka_10110019_004,1
6867,중종실록,중종실록: 제주 근리사 이운거가 수적에 피해 입음을 계문하다,https://sillok.history.go.kr/id/kka_10110019_009,1
6868,중종실록,중종실록: 이극증의 아들 이세홍이 전시에 나갈 수 있게 하다,https://sillok.history.go.kr/id/kka_10110020_003,1
6869,중종실록,중종실록: 윤대를 계속하게 하다,https://sillok.history.go.kr/id/kka_10110021_006,1
6870,중종실록,중종실록: 이조 낭관을 제집사로 차임하다,https://sillok.history.go.kr/id/kka_10110023_005,1
6871,중종실록,"중종실록: 신윤무, 좌·우의정, 유자광에게 상을 내리다",https://sillok.history.go.kr/id/kka_10110023_009,1
6872,중종실록,중종실록: 사간원이 대궐 주위 철거한 집에 대해 아뢰다,https://sillok.history.go.kr/id/kka_10110025_005,1
6873,중종실록,중종실록: 대간의 상소 중 시행 못할 것을 전교하다,https://sillok.history.go.kr/id/kka_10110026_001,1
6874,중종실록,중종실록: 간원이 의원 김공저·고세보를 탄핵하니 불허하다,https://sillok.history.go.kr/id/kka_10110027_002,1
6875,중종실록,중종실록: 조강에서 불교에 대해 의논하다,https://sillok.history.go.kr/id/kka_10110029_001,1
6876,중종실록,중종실록: 헌부가 구수영을 탄핵하니 불허하다,https://sillok.history.go.kr/id/kka_10110030_005,1
6877,중종실록,중종실록: 역녀와 양인 사이에서 난 자식의 소속 여부를 의논하다,https://sillok.history.go.kr/id/kka_10111002_006,1
6878,중종실록,중종실록: 징을 쳐 허위를 호소한 자를 벌하게 하다,https://sillok.history.go.kr/id/kka_10111002_010,1
6879,중종실록,중종실록: 참찬관 이윤이 연산 10년의 과거에 대해 아뢰니 불허하다,https://sillok.history.go.kr/id/kka_10111004_002,1
6880,중종실록,중종실록: 갑자년 과거 급제자를 파방하다,https://sillok.history.go.kr/id/kka_10111005_004,1
5159,철종실록,철종실록: 인정문에서 즉위하다,https://sillok.history.go.kr/id/kya_10006009_001,1
5160,철종실록,철종실록: 대왕 대비가 시·원임 대신을 소견하여 임금의 학업 증진에 대해 의논하다,https://sillok.history.go.kr/id/kya_10006009_002,1
5156,철종실록,철종실록: 대왕 대비가 임금에게 백성을 사랑하고 학문에 전념할 것 등을 하교하다,https://sillok.history.go.kr/id/kya_10006009_003,1
6281,철종실록,철종실록: 내삼전에 위호를 가상하는 일을 의논하다,https://sillok.history.go.kr/id/kya_10006009_004,1
6309,철종실록,철종실록: 서기순을 예조 판서로 삼다,https://sillok.history.go.kr/id/kya_10006010_001,1
6313,철종실록,철종실록: 성복하다,https://sillok.history.go.kr/id/kya_10006011_001,1
6304,철종실록,철종실록: 조병준을 홍문관 부제학으로 삼다,https://sillok.history.go.kr/id/kya_10006013_001,1
6308,철종실록,철종실록: 빈전에 납시어 성복을 하다,https://sillok.history.go.kr/id/kya_10006014_001,1
6294,철종실록,철종실록: 철종의 어휘를 익종의 휘에 의거하여 정하다,https://sillok.history.go.kr/id/kya_10006014_002,1
6287,철종실록,철종실록: 빈청에서 대행 대왕의 시호·묘호·전호·능호의 의정서를 입계하다,https://sillok.history.go.kr/id/kya_10006014_003,1
6306,철종실록,철종실록: 별세초를 적어 들이라 명하다,https://sillok.history.go.kr/id/kya_10006014_004,1
6282,철종실록,철종실록: 경외의 전최를 행하되 공제 후에 하도록 명하다,https://sillok.history.go.kr/id/kya_10006014_005,1
5153,철종실록,철종실록: 예조에서 내삼전의 위호를 가상하는 일에 대한 좨주 홍직필·부사직 성근묵 등의 의견을 아뢰다,https://sillok.history.go.kr/id/kya_10006016_001,1
6280,철종실록,철종실록: 군호가 없는 대원군과 세 부인의 작호 등을 논의하다,https://sillok.history.go.kr/id/kya_10006017_001,1
6296,철종실록,철종실록: 대원군에게 추상할 작호를 전계로 정하다,https://sillok.history.go.kr/id/kya_10006017_002,1
6297,철종실록,철종실록: 대왕 대비가 상계군 내외의 복작을 명하다,https://sillok.history.go.kr/id/kya_10006017_003,1
6290,철종실록,철종실록: 예조에서 종묘·혼전·휘정전의 축식을 개정할 것을 청하다,https://sillok.history.go.kr/id/kya_10006017_004,1
6295,철종실록,철종실록: 이경재·임백수를 대사헌·대사간으로 삼다,https://sillok.history.go.kr/id/kya_10006018_001,1
6300,철종실록,철종실록: 의관 변종호 등을 섬으로 귀양보내다,https://sillok.history.go.kr/id/kya_10006019_001,1
6288,철종실록,철종실록: 전곡과 갑병의 구관을 각영의 예대로 하도록 총위영에 명하다,https://sillok.history.go.kr/id/kya_10006023_002,1
6283,철종실록,철종실록: 윤의검을 배왕 대장으로 삼다,https://sillok.history.go.kr/id/kya_10006024_001,1
6286,철종실록,철종실록: 전계 대원군·완양 부대부인 등의 수묘군을 병조에서 정송하게 하다,https://sillok.history.go.kr/id/kya_10006027_001,1
6292,철종실록,철종실록: 대원군과 부대부인의 제수를 규례대로 마련하라 명하다,https://sillok.history.go.kr/id/kya_10006028_001,1
6293,철종실록,철종실록: 총위영의 명칭을 전대로 총융청으로 하게 하다,https://sillok.history.go.kr/id/kya_10006028_002,1
6307,철종실록,철종실록: 서상오를 총융사에 부직하다,https://sillok.history.go.kr/id/kya_10006028_003,1
6305,철종실록,철종실록: 빈전에 나아가 삭전을 행하다,https://sillok.history.go.kr/id/kya_10007001_001,1
5166,철종실록,철종실록: 임금의 어휘가 청나라의 휘자와 음이 비슷하여 어휘를 개정하게 하다,https://sillok.history.go.kr/id/kya_10007003_001,1
6299,철종실록,철종실록: 어압을 대내에서 써서 내리라 명하다,https://sillok.history.go.kr/id/kya_10007003_002,1
5154,철종실록,철종실록: 청나라의 휘와 비슷한 임금의 휘를 올린 영부사 조인영이 총호사를 사임할 것을 청하다,https://sillok.history.go.kr/id/kya_10007005_001,1
5165,철종실록,철종실록: 산릉 간심 도감의 당상 이하의 관원을 소견하여 길한 곳을 의논하다,https://sillok.history.go.kr/id/kya_10007006_001,1
5163,철종실록,철종실록: 좌의정 김도희가 어휘를 잘못 올린 자신의 죄를 아뢰다,https://sillok.history.go.kr/id/kya_10007006_002,1
5164,철종실록,철종실록: 판부사 정원용과 박회수가 소를 올려 어휘를 잘못 올린 자신의 죄를 아뢰다,https://sillok.history.go.kr/id/kya_10007006_003,1
6303,철종실록,철종실록: 산릉을 간심한 제신들을 소견하다,https://sillok.history.go.kr/id/kya_10007010_001,1
5161,철종실록,철종실록: 공제가 끝난 이튿날이어서 시·원임 대신과 각신이 문안을 드리다,https://sillok.history.go.kr/id/kya_10007012_001,1
6302,철종실록,철종실록: 소대하여 《소학》 제1권을 강하다,https://sillok.history.go.kr/id/kya_10007012_002,1
5162,철종실록,철종실록: 김난순·윤의검을 수원부 유수·우변 포도 대장으로 삼다,https://sillok.history.go.kr/id/kya_10007012_003,1
6284,철종실록,철종실록: 집의 김기찬이 십조를 소진하다,https://sillok.history.go.kr/id/kya_10007012_004,1
6289,철종실록,철종실록: 김좌근·이관희를 한성부 판윤·전라우도 수군 절도사로 삼다,https://sillok.history.go.kr/id/kya_10007012_005,1
6291,철종실록,철종실록: 봉영 대신 판부사 정원용 등에게 차등있게 상을 내리다,https://sillok.history.go.kr/id/kya_10007012_006,1
6301,철종실록,철종실록: 영부사 조인영 등이 건의한 혼전과 휘정전의 축식,https://sillok.history.go.kr/id/kya_10007012_007,1
6312,철종실록,철종실록: 소대하다,https://sillok.history.go.kr/id/kya_10007013_001,1
6311,철종실록,철종실록: 소대하다,https://sillok.history.go.kr/id/kya_10007014_001,1
6310,철종실록,철종실록: 별강하다,https://sillok.history.go.kr/id/kya_10007014_002,1
5152,철종실록,철종실록: 전 정언 강한혁이 상소하여 조병현과 윤치영을 절도 안치시킬 것을 청하다,https://sillok.history.go.kr/id/kya_10007014_003,1
5157,철종실록,철종실록: 장령 이정두가 상소하여 이응식·이능권 등을 절도에 정배하기를 청하다,https://sillok.history.go.kr/id/kya_10007014_004,1
6298,철종실록,철종실록: 빈전에 나아가 망전과 별다례를 행하다,https://sillok.history.go.kr/id/kya_10007015_001,1
6285,철종실록,철종실록: 소대하다,https://sillok.history.go.kr/id/kya_10007015_002,1
5158,철종실록,철종실록: 홍재룡·유상필 등에게 관직을 제수하다,https://sillok.history.go.kr/id/kya_10007015_003,1
5155,철종실록,철종실록: 대사헌 이경재가 강한혁과 이정두의 상소에 따라 윤치영 등을 벌할 것을 청하다,https://sillok.history.go.kr/id/kya_10007015_004,1
7427,철종실록,철종실록: 청나라에 가서 시호와 승습을 주청할 세 사신을 소견하다,https://sillok.history.go.kr/id/kya_10007017_001,1
7428,철종실록,철종실록: 양사에서 연차하여 여러 사람의 청대로 윤허하기를 청하다,https://sillok.history.go.kr/id/kya_10007019_007,1
7429,철종실록,철종실록: 삼사에서 합사하여 윤치영을 국핵하고 조병현을 절도 안치할 것을 청하다,https://sillok.history.go.kr/id/kya_10007021_004,1
7430,철종실록,철종실록: 뇌물을 받고 과시의 기록을 허위로 기재해 준 전 북병사 구신희를 정배하다,https://sillok.history.go.kr/id/kya_10007023_004,1
7431,철종실록,철종실록: 수원부 유수 김난순·상호군 이약우 등을 강관(講官)으로 초계하다,https://sillok.history.go.kr/id/kya_10008005_005,1
7432,철종실록,철종실록: 빈청에서 네 번째 계를 올리다,https://sillok.history.go.kr/id/kya_10008022_001,1
7433,철종실록,철종실록: 10월 초하루 삭전에는 대내에서 겸행하여 친히 진향할 것임을 전교하다,https://sillok.history.go.kr/id/kya_10009028_002,1
7434,철종실록,철종실록: 삼도감 총호사 이하 관원에게 차등있게 시상하다,https://sillok.history.go.kr/id/kya_10011011_002,1
7435,철종실록,철종실록: 김병계·김완식·조병학 등을 예문관 관원으로 뽑다,https://sillok.history.go.kr/id/kya_10011027_003,1
7436,철종실록,철종실록: 판윤 김흥근이 현·도를 거쳐 자열하는 소를 올리다,https://sillok.history.go.kr/id/kya_10101013_003,1
7437,철종실록,철종실록: 인릉에 나아가 제사할 것임을 전교하다,https://sillok.history.go.kr/id/kya_10102001_003,1
7438,철종실록,철종실록: 인릉에 친제할 때의 아헌관 이하 제관에게 차등을 두어 시상하다,https://sillok.history.go.kr/id/kya_10103013_003,1
7439,철종실록,철종실록: 대왕 대비가 한성시 일소의 원방 중 초장·종장에 합격한 사람 가운데 아래로부터 50명을 이소로 나아가게 하다,https://sillok.history.go.kr/id/kya_10103020_005,1
7440,철종실록,철종실록: 서계하여 금산 전 군수 유도종 등을 탄핵한 경상우도 암행 어사 조석여를 불러 보다,https://sillok.history.go.kr/id/kya_10103030_004,1
7441,철종실록,철종실록: 춘당대에 나아가 춘도기를 행하다,https://sillok.history.go.kr/id/kya_10104004_001,1
7442,철종실록,철종실록: 증광 감시 복시의 일소와 이소에서 방목을 올리다,https://sillok.history.go.kr/id/kya_10104008_003,1
7443,철종실록,철종실록: 집의 이휘규가 8조의 진면소를 올리다,https://sillok.history.go.kr/id/kya_10104011_002,1
7444,철종실록,철종실록: 교하 등 세 고을 성향미의 모비 제감조의 급대를 균역청에서 구획하라 명하다,https://sillok.history.go.kr/id/kya_10104015_002,1
7445,철종실록,철종실록: 황해 병사 이기연에게 업무를 잘 보살필 것을 명하다,https://sillok.history.go.kr/id/kya_10105002_002,1
7446,철종실록,철종실록: 연주 도감의 당상관·낭관 등에게 차등을 두어 시상하다,https://sillok.history.go.kr/id/kya_10106006_002,1
7447,철종실록,철종실록: 옥당에서 연차하여 성명을 거두기를 청하다,https://sillok.history.go.kr/id/kya_10109028_002,1
7448,철종실록,철종실록: 좌참찬 김좌근·행 상호군 박영원 등을 실록 찬수 당상으로 차하하다,https://sillok.history.go.kr/id/kya_10110025_003,1
7449,철종실록,철종실록: 희정당에서 차대하여 성학에 힘쓰고 사치를 금할 것 등을 논하다,https://sillok.history.go.kr/id/kya_10111003_001,1
7450,철종실록,철종실록: 대왕 대비가 빈청의 청을 거절하다,https://sillok.history.go.kr/id/kya_10111020_001,1
7451,철종실록,철종실록: 회혼례가 가까와 온 홍 좨주에게 의자와 식물을 보내고 사관을 보내어 존문하게 하다,https://sillok.history.go.kr/id/kya_10201003_001,1
7452,철종실록,철종실록: 어진을 봉안하는 처소를 의논하다,https://sillok.history.go.kr/id/kya_10201020_001,1
7453,철종실록,철종실록: 전계 대원군 내외 묘소의 사명절 제수를 덕흥 대원군 묘소의 예에 의하게 하다,https://sillok.history.go.kr/id/kya_10202008_002,1
7454,철종실록,철종실록: 각권을 행하여 직각 정건조·신석희 등을 뽑다,https://sillok.history.go.kr/id/kya_10202013_001,1
7455,철종실록,철종실록: 서영순·윤치겸 등에게 관직을 제수하다,https://sillok.history.go.kr/id/kya_10202015_003,1
7456,철종실록,철종실록: 춘당대에 나아가 춘도기를 행하다,https://sillok.history.go.kr/id/kya_10203002_001,1
7457,철종실록,철종실록: 서계하여 전 감사 조득림 등을 탄핵한 충청우도 암행 어사 김유연을 불러 보다,https://sillok.history.go.kr/id/kya_10204002_002,1
7458,철종실록,철종실록: 포폄에 하(下)가 되었거나 어사의 장계로 인하여 파직된 자를 서용하게 하다,https://sillok.history.go.kr/id/kya_10204015_004,1
7459,철종실록,철종실록: 서계하여 담양 부사 박승규 등을 탄핵한 전라좌도 암행 어사 이승익을 불러 보다,https://sillok.history.go.kr/id/kya_10204023_001,1
7460,철종실록,철종실록: 집의 채원묵이 경기 어사 유안·호남우도 어사 조운경을 상소하여 논박하다,https://sillok.history.go.kr/id/kya_10204029_003,1
7461,철종실록,철종실록: 예조에서 진종 대왕의 신주를 영녕전에 조천하는 것을 의논하여 정하기를 청하다,https://sillok.history.go.kr/id/kya_10205018_001,1
7462,철종실록,철종실록: 빈청에서 대왕 대비전·왕대비전 등의 존호와 휘호를 올리다,https://sillok.history.go.kr/id/kya_10205025_002,1
7463,철종실록,철종실록: 성균관에서 진종 대왕을 조천하는 일에 대한 영상의 헌의를 비판하다,https://sillok.history.go.kr/id/kya_10206016_001,1
7464,철종실록,철종실록: 장령 박봉흠에게 간삭하는 벌을 내리다,https://sillok.history.go.kr/id/kya_10206018_003,1
7465,철종실록,철종실록: 권돈인에게 원보의 직임을 우선 면부하다,https://sillok.history.go.kr/id/kya_10206019_002,1
7466,철종실록,철종실록: 서좌보·이현서 등에게 관직을 제수하다,https://sillok.history.go.kr/id/kya_10206022_001,1
7467,철종실록,철종실록: 시임 대신 및 예조 당상에게 수의하여 들이게 하다,https://sillok.history.go.kr/id/kya_10206024_002,1
7468,철종실록,철종실록: 옥당에서 연차하여 권돈인을 해당 율로 벌할 것을 청하다,https://sillok.history.go.kr/id/kya_10207002_002,1
7469,철종실록,철종실록: 수해를 입은 경상도 함창에 휼전을 시행하고 환상을 정지해 주게 하다,https://sillok.history.go.kr/id/kya_10207004_003,1
7470,철종실록,철종실록: 양사에서 김정희와 형제들을 섬에 안치하고 나누어 정배할 것 등을 청하다,https://sillok.history.go.kr/id/kya_10207022_002,1
7471,철종실록,철종실록: 관서의 수재로 인해 사문에 중신을 보내어 영제를 경건하게 할 것을 명하다,https://sillok.history.go.kr/id/kya_10208001_001,1
7472,철종실록,철종실록: 봉산·장연 등의 고을에 휼전을 내리다,https://sillok.history.go.kr/id/kya_10208014_002,1
7473,철종실록,철종실록: 궐리사의 오래된 공자 영정을 관동과 호서에 봉안된 것으로 옮겨 봉안하게 하다,https://sillok.history.go.kr/id/kya_10208025_001,1
7474,철종실록,철종실록: 대왕 대비전에서 과거를 공정하게 치러 인심을 잃게 하지 말 것을 묘당에 명하다,https://sillok.history.go.kr/id/kya_10208029_004,1
7475,철종실록,철종실록: 좌의정 김흥근이 성학에 힘쓸 것·탐장(貪贓)을 징계할 것 등을 청하다,https://sillok.history.go.kr/id/kya_10208105_001,1
7476,철종실록,철종실록: 친제 때의 아헌관 이하에게 차등을 두어 시상하다,https://sillok.history.go.kr/id/kya_10208119_001,1
7477,철종실록,철종실록: 지평 허선이 홍경래의 난 때 순절한 증 호조 참판 백경한 등 세 신하의 가증(加增)이 같아야 함을 아뢰다,https://sillok.history.go.kr/id/kya_10209014_001,1
5337,태조실록,태조실록: 태조가 백관의 추대를 받아 수창궁에서 왕위에 오르다,https://sillok.history.go.kr/id/kaa_10107017_001,1
6324,태조실록,태조실록: 태조가 잠저에 있을 당시 여러 가지 개국의 조짐이 나타나다,https://sillok.history.go.kr/id/kaa_10107017_002,1
5324,태조실록,태조실록: 사헌부에서 문하 찬성사 김주가 시세에 따라 행동한다고 탄핵하자 파직시키다,https://sillok.history.go.kr/id/kaa_10107026_001,1
6340,태조실록,태조실록: 대간에서 유언을 유포시킨 이부와 허해를 탄핵하니 외방으로 귀양보내다,https://sillok.history.go.kr/id/kaa_10109016_001,1
5335,태조실록,태조실록: 공신 도감에서 개국 공신의 포상 규정을 상언하니 윤허하다,https://sillok.history.go.kr/id/kaa_10109016_002,1
6369,태조실록,태조실록: 학교·수령·의창·향리 등 22개 조목에 대한 도평의사사의 상언,https://sillok.history.go.kr/id/kaa_10109024_001,1
6349,태조실록,태조실록: 배극렴 등이 여러 왕자들에게 규정된 과전 외의 전지를 더 주도록 청하다,https://sillok.history.go.kr/id/kaa_10109026_002,1
6342,태조실록,태조실록: 대간에서 한상경 등 7인의 개국 공신 추록을 반대하였으나 윤허치 않다,https://sillok.history.go.kr/id/kaa_10110003_001,1
5325,태조실록,태조실록: 고신 서경에 대한 사간원의 상소문,https://sillok.history.go.kr/id/kaa_10112022_001,1
6318,태조실록,"태조실록: 백관의 조하를 받고, 황제가 있는 곳을 향하여 새해를 축하하는 의식을 가지다. 처음으로 명나라에서 제정한 관복을 입다",https://sillok.history.go.kr/id/kaa_10201001_001,1
5326,태조실록,태조실록: 고려조에 사관을 겸하면서 우왕·창왕을 태조가 죽였다고 사초에 허위로 기재한 이행을 국문하다,https://sillok.history.go.kr/id/kaa_10201012_001,1
6317,태조실록,태조실록: 신도 후보지인 계룡산으로 행차 도중 천도에 대한 의견을 말하다,https://sillok.history.go.kr/id/kaa_10202001_001,1
6378,태조실록,"태조실록: 신도 예정지의 산수와 형세를 돌아보고, 조운, 도로, 성곽터 등을 조사케 하다",https://sillok.history.go.kr/id/kaa_10202009_001,1
6314,태조실록,"태조실록: 지형조사 장연이 노비 쟁송에 대한 교지가 내려진 이후 오히려 번다해졌다고 상언하니, 사헌부를 시켜 조사케 하다",https://sillok.history.go.kr/id/kaa_10203002_001,1
6372,태조실록,태조실록: 노비 쟁송의 단서를 일으킨 죄로 형조 도관의 관원을 파직시키다,https://sillok.history.go.kr/id/kaa_10203011_001,1
6336,태조실록,태조실록: 수군 도절제사에게 병선을 거느리고 왜적을 잡도록 명하다. 고만량 만호 신용무를 용서하여 왜적을 치게 하다,https://sillok.history.go.kr/id/kaa_10203019_002,1
6388,태조실록,태조실록: 가뭄을 근심하여 환과 고독을 구휼토록 도당에 전지하니 비가 내리다,https://sillok.history.go.kr/id/kaa_10204019_001,1
5331,태조실록,태조실록: 공신자제가 세자에게 시학하면서 폐단을 일으키자 직숙만 하도록 명하다,https://sillok.history.go.kr/id/kaa_10205007_005,1
5330,태조실록,태조실록: 양광도 안렴사 조박과 가뭄에 대해 이야기하며 사임하고자 했으나 윤허하지 않다,https://sillok.history.go.kr/id/kaa_10205018_001,1
5333,태조실록,태조실록: 정도전이 몽금척·수보록·납씨곡·궁수분곡·정동방곡 등의 악장을 지어 바치다,https://sillok.history.go.kr/id/kaa_10207026_001,1
6331,태조실록,"태조실록: 성 쌓는 감독을 소홀히 한 14인을 순군옥에 내리고, 장군 전오를 강화 수군에 충군시키다",https://sillok.history.go.kr/id/kaa_10208008_001,1
6319,태조실록,태조실록: 명에 진헌한 말 값의 채단을 사적으로 교환한 중추원 부사 구성로를 파면시키다,https://sillok.history.go.kr/id/kaa_10208012_002,1
6348,태조실록,태조실록: 병조 전서 윤소종의 졸기,https://sillok.history.go.kr/id/kaa_10209017_002,1
6379,태조실록,태조실록: 도당에서 임금이 옮겨 거둥할 장소를 살펴보다,https://sillok.history.go.kr/id/kaa_10209029_001,1
6364,태조실록,"태조실록: 선군, 전조의 징수, 호구 등에 대한 도당의 구폐 사의(救弊事宜)",https://sillok.history.go.kr/id/kaa_10211028_003,1
6326,태조실록,태조실록: 토지를 받은 군관과 한량인 중에 왕실을 시위하지 않는 자를 점고하여 처벌토록 하다,https://sillok.history.go.kr/id/kaa_10301025_001,1
6322,태조실록,"태조실록: 삼성에서 모반에 연루된 왕화 등을 국문코자 하니, 수원부에 가두어 국문토록 하다",https://sillok.history.go.kr/id/kaa_10302006_003,1
6315,태조실록,"태조실록: 삼성에서 왕씨 일족을 섬에 안치토록 청하자, 연명 상소하지 말도록 명하다",https://sillok.history.go.kr/id/kaa_10302022_001,1
5318,태조실록,태조실록: 삼성에서 왕씨 일족을 귀양보내도록 연명 상소하니 공주 등지로 유배시키다,https://sillok.history.go.kr/id/kaa_10302026_002,1
6316,태조실록,태조실록: 왕씨의 모반 사건에 대한 왕거·박중질·이흥무 등의 공초,https://sillok.history.go.kr/id/kaa_10302029_004,1
5322,태조실록,태조실록: 수미포에서 《오군진도》대로 군사 훈련을 하다. 정도전과 사냥한 동물의 제향을 논의하다,https://sillok.history.go.kr/id/kaa_10303011_001,1
6377,태조실록,"태조실록: 제주에 교수관을 두어 토관의 자제를 교육시키고, 상경시위자에게 천호 등의 관직을 주다",https://sillok.history.go.kr/id/kaa_10303027_002,1
6328,태조실록,태조실록: 삼성에서 남은 왕씨 일족을 제거하기를 청하는 상소를 올리니 윤허치 않다,https://sillok.history.go.kr/id/kaa_10304010_001,1
6361,태조실록,태조실록: 도당에서 농사를 장려하는 방안을 아뢰니 윤허하다,https://sillok.history.go.kr/id/kaa_10304011_001,1
6380,태조실록,태조실록: 도당에서 호조 급전사의 전제에 의거하여 아뢰니 윤허하다,https://sillok.history.go.kr/id/kaa_10304015_002,1
5320,태조실록,태조실록: 태조의 선대 종계를 변무하고 정탐군을 보낸 적이 없음을 말한 주본,https://sillok.history.go.kr/id/kaa_10306016_001,1
6339,태조실록,태조실록: 지중추원사 황보임의 졸기,https://sillok.history.go.kr/id/kaa_10306021_001,1
6321,태조실록,"태조실록: 왕이 구언하니, 전백영 등이 역사·병정 징발·노비 변정 등에 대해 상소하다",https://sillok.history.go.kr/id/kaa_10308002_001,1
6357,태조실록,"태조실록: 왕의 탄신이므로 죄수들을 용서하고, 이행 이인임 등의 직첩을 돌려주다",https://sillok.history.go.kr/id/kaa_10310011_001,1
6374,태조실록,태조실록: 사역원 제조 설장수가 사역원의 시험 자격과 선발 액수 등에 대해 올린 글,https://sillok.history.go.kr/id/kaa_10311019_003,1
6381,태조실록,태조실록: 사헌부에서 지형조사 최긍을 탄핵하다,https://sillok.history.go.kr/id/kaa_10312023_001,1
6353,태조실록,태조실록: 간관이 조성 도감에서 물의를 일으킨 판개성부사 이거인을 탄핵하다,https://sillok.history.go.kr/id/kaa_10401008_001,1
6323,태조실록,태조실록: 정도전과 정총이 《고려사》를 편찬하여 바치다. 그들에게 내린 교서,https://sillok.history.go.kr/id/kaa_10401025_001,1
6356,태조실록,태조실록: 궁궐 조성에 각도의 인부를 돌려 보내고 대신 중을 쓰기로 하다,https://sillok.history.go.kr/id/kaa_10402019_002,1
6363,태조실록,태조실록: 대사헌 박경 등이 경기 토지 만으로 공신에게 줄 것을 상언하니 윤허하다,https://sillok.history.go.kr/id/kaa_10404004_001,1
6346,태조실록,태조실록: 간관 한상환 등이 재정 및 토지 정책에 대한 시무를 아뢰다,https://sillok.history.go.kr/id/kaa_10405013_001,1
6332,태조실록,태조실록: 간관 이고 등이 풍악을 울리고 경솔히 거둥하는 것에 대해 다시 상언하다,https://sillok.history.go.kr/id/kaa_10405028_001,1
6359,태조실록,태조실록: 풍문으로 탄핵하였다 하여 간관 이고에게 일을 보지 말게 하다,https://sillok.history.go.kr/id/kaa_10407001_001,1
6350,태조실록,태조실록: 사헌부에서 급전을 잘못한 호조 급전사의 판사·전서 등을 탄핵하다,https://sillok.history.go.kr/id/kaa_10407030_001,1
5188,태조실록,태조실록: 제언을 쌓고 산불을 방지하자는 전 낭장 정분의 진언을 사사에서 아뢰다,https://sillok.history.go.kr/id/kaa_10407030_003,1
5336,태조실록,태조실록: 산사태와 홍수가 난 광주와 천녕 사이 고을의 세곡을 면제하고 양식을 주다,https://sillok.history.go.kr/id/kaa_10407030_004,1
6370,태조실록,태조실록: 각도에서 보고한 효자·절부 등을 정려하고 복호하게 하다.,https://sillok.history.go.kr/id/kaa_10409016_001,1
5338,태조실록,태조실록: 대묘와 새 궁궐이 준공되다. 그 규모와 구성 및 배치 상황,https://sillok.history.go.kr/id/kaa_10409029_006,1
6382,태조실록,태조실록: 대묘 동역 제조관에게 잔치를 내려 주고 내구마 1필 씩을 하사하다,https://sillok.history.go.kr/id/kaa_10409101_002,1
5334,태조실록,태조실록: 제례를 마친 후 중외의 조하를 받고 국정 쇄신의 내용을 담은 교서를 내리다,https://sillok.history.go.kr/id/kaa_10410005_001,1
6337,태조실록,태조실록: 남양백 홍영통이 임금의 탄일에 만취하여 집에 돌아가다가 말에서 떨어져 죽다,https://sillok.history.go.kr/id/kaa_10410011_002,1
6367,태조실록,태조실록: 공·사 노비에 따로 도감을 두고 노비 문제를 변정하게 하다,https://sillok.history.go.kr/id/kaa_10411028_003,1
5317,태조실록,태조실록: 오랑합과 수오적개 등 4인 투항사실과 당시 북방 야인들의 귀화 실태,https://sillok.history.go.kr/id/kaa_10412014_002,1
6376,태조실록,태조실록: 사헌부에서 농사철에 관리들을 내려 보내 민정을 시찰케 하는 것이 좋지 않음을 건의하다,https://sillok.history.go.kr/id/kaa_10505007_001,1
6351,태조실록,태조실록: 유원정의 직첩을 거두고 귀양 보내기를 청했으나 임금이 용서하다,https://sillok.history.go.kr/id/kaa_10505018_001,1
6383,태조실록,태조실록: 섬라곡국에 사신갔다 오던 일행 중 왜구에게 잡혀 모두 죽고 이자영 만이 돌아오다,https://sillok.history.go.kr/id/kaa_10507011_001,1
6347,태조실록,태조실록: 조준 등의 건의로 공신 이서로 하여금 3년 동안 왕비의 능을 지키게 하다,https://sillok.history.go.kr/id/kaa_10508016_002,1
6344,태조실록,태조실록: 임금의 탄일이라 중에게 《금강경》을 읽게 하다. 죄수를 석방하고 우현보·이전을 복권시키다,https://sillok.history.go.kr/id/kaa_10510011_001,1
6327,태조실록,태조실록: 의흥 삼군부에서 역대 강무 제도를 참고하여 강무를 시행할 것을 상소하다,https://sillok.history.go.kr/id/kaa_10511030_001,1
5332,태조실록,태조실록: 도평의사사에서 군인 징발과 수군 처우개선 등 군사에 관한 여러 문제에 대해 건의하다,https://sillok.history.go.kr/id/kaa_10602011_003,1
6384,태조실록,태조실록: 왜적 방어를 위해 충청도 군사 5백명을 징발해 경상도·전라도에 보내다,https://sillok.history.go.kr/id/kaa_10604008_002,1
6343,태조실록,태조실록: 형조에서 상장군 이부가 박사후의 노비를 증여받았다 하여 논죄하다,https://sillok.history.go.kr/id/kaa_10608024_001,1
6373,태조실록,태조실록: 약간 의술에 정통한 일본 중 원해가 처자를 거느리고 오다. 관직과 성(姓)을 주다,https://sillok.history.go.kr/id/kaa_10608025_002,1
6330,태조실록,태조실록: 명나라 사신에게 정도전을 데려 가라고 비밀히 권한 양첨식을 헌사에서 논죄하다,https://sillok.history.go.kr/id/kaa_10609007_001,1
6345,태조실록,태조실록: 간관이 군량미 비축과 국가 재정을 튼튼히 하여 불의의 사고에 대비할 것을 건의하다,https://sillok.history.go.kr/id/kaa_10610013_001,1
6338,태조실록,태조실록: 의흥 삼군부에서 군사를 동원할 때는 호부를 사용할 것을 건의하다,https://sillok.history.go.kr/id/kaa_10610016_001,1
6341,태조실록,태조실록: 임금이 병이 나서 부르자 곧바로 예궐하지 않은 전의감 관원 오경우·양홍달 등을 유배시키다,https://sillok.history.go.kr/id/kaa_10610022_001,1
6375,태조실록,태조실록: 고려 태조의 제향 전지와 공양군 비의 전지에서는 수조하지 말게 하다,https://sillok.history.go.kr/id/kaa_10611010_001,1
6352,태조실록,태조실록: 정총·김약항·노인도가 명나라에서 죽었다는 소식을 정윤보가 전하다. 정총·김약항의 졸기,https://sillok.history.go.kr/id/kaa_10611030_002,1
6385,태조실록,태조실록: 겨울다운 날씨가 비로소 시작되다,https://sillok.history.go.kr/id/kaa_10612005_001,1
6358,태조실록,태조실록: 권근이 원종 공신에 참여되기를 빈 상서문. 설장수와 함께 공신에 추록되다,https://sillok.history.go.kr/id/kaa_10612024_002,1
6386,태조실록,태조실록: 별이 동북방에 떨어지다,https://sillok.history.go.kr/id/kaa_10705002_003,1
6335,태조실록,태조실록: 흥천사 감주 상총이 선·교 양종의 영수를 뽑아 사찰을 주관케 할 것 등을 건의한 글,https://sillok.history.go.kr/id/kaa_10705013_003,1
6365,태조실록,태조실록: 청주 목사 김자수가 흉년인 이 해의 맥세를 면제해주기를 청한 글,https://sillok.history.go.kr/id/kaa_10705106_002,1
6362,태조실록,태조실록: 간언을 수렴하고 공역을 그만두며 불교 배척할 것 등을 아뢴 이지의 상소,https://sillok.history.go.kr/id/kaa_10705111_002,1
6360,태조실록,태조실록: 이름을 속여 다른 사람의 노비를 쟁송한 김을남 등을 처벌하다,https://sillok.history.go.kr/id/kaa_10705115_001,1
6329,태조실록,태조실록: 의흥 삼군부에서 숙위 순작 아조의 출석 등 부위군의 근무상태를 점검하여 인사에 반영하겠다고 아뢰다,https://sillok.history.go.kr/id/kaa_10705121_003,1
6355,태조실록,태조실록: 정도전이 표전 문제로 인한 황제의 입조 명령을 저어하여 《진도》를 연습케 하다. 당시 시대적 상황,https://sillok.history.go.kr/id/kaa_10705129_001,1
6334,태조실록,태조실록: 노모 봉양을 위해 제주 판관을 면직시켜 줄 것을 청한 김과의 진정전,https://sillok.history.go.kr/id/kaa_10705129_002,1
6354,태조실록,태조실록: 다시 개국 공신의 어머니와 아내로서 옹주·택주인 경우에는 녹봉을 내리게 하다,https://sillok.history.go.kr/id/kaa_10706005_003,1
6368,태조실록,태조실록: 노비 쟁송 문제로 노상에서 행패부린 차승도에 대하여 형률의 적용을 엄격히 하라는 임금의 교시,https://sillok.history.go.kr/id/kaa_10706007_002,1
6320,태조실록,태조실록: 순릉과 경안백 능실의 화려함을 사사로이 비난한 전시를 귀양보내고 박수기·황희 등을 폄직시키다,https://sillok.history.go.kr/id/kaa_10707005_001,1
5323,태조실록,태조실록: 조준을 비방한 김부를 목베다. 요동 공략 문제로 조준 김사형과 남은 정도전 일파 간에 알력이 있다,https://sillok.history.go.kr/id/kaa_10707011_001,1
6366,태조실록,태조실록: 호조 급전사에서 관리들이 전지를 직접 답험하여 새로 계량할 것을 건의하다,https://sillok.history.go.kr/id/kaa_10707026_001,1
5319,태조실록,태조실록: 대사헌 성석용이 《진도》를 익히지 않은 모든 지휘관의 처벌을 건의하다. 정도전 등이 요동 공략에 대해 조준을 설득하려다가 실패하다,https://sillok.history.go.kr/id/kaa_10708009_001,1
5180,태조실록,태조실록: 광양 부원군 이무방의 졸기,https://sillok.history.go.kr/id/kaa_10708015_001,1
5328,태조실록,태조실록: 정도전·남은·심효생·박위·유만수의 졸기,https://sillok.history.go.kr/id/kaa_10708026_002,1
6333,태조실록,태조실록: 남재가 화를 면하다. 난을 평정하고 내린 교지,https://sillok.history.go.kr/id/kaa_10708026_003,1
6325,태조실록,태조실록: 왕위 전수를 태묘와 중국 경사에 알리다. 세자에게 친히 양위하는 교서를 내리다,https://sillok.history.go.kr/id/kaa_10709005_003,1
6371,태조실록,태조실록: 간관이 유신(儒臣)을 스승 삼고 엄인의 관직을 제한할 것 등 7개항에 대해 건의하다,https://sillok.history.go.kr/id/kaa_10709018_004,1
5329,태조실록,태조실록: 정사 공신의 책록과 등급별 포상 내역,https://sillok.history.go.kr/id/kaa_10710001_001,1
5327,태조실록,태조실록: 정사 공신 29인을 거느리고 맹약한 문서,https://sillok.history.go.kr/id/kaa_10710009_001,1
5321,태조실록,태조실록: 정도전·남은의 일파인 오몽을을 목베고 정진을 수군에 충군하다,https://sillok.history.go.kr/id/kaa_10710010_001,1
6387,태조실록,태조실록: 무관의 반열 차례를 정하다,https://sillok.history.go.kr/id/kaa_10710029_001,1
5339,태조실록,태조실록: 술을 금하다,https://sillok.history.go.kr/id/kaa_10711001_001,1
5202,태종실록,태종실록: 태상전과 상왕전에 조알하다,https://sillok.history.go.kr/id/kca_10101001_001,1
5200,태종실록,태종실록: 수창궁의 화재로 강안전 터에서 정삭을 하례하다. 상장군 이응을 탄핵하다,https://sillok.history.go.kr/id/kca_10101001_002,1
5206,태종실록,태종실록: 시위 경패(京牌) 중에서 늙고 가난한 자를 방면하다,https://sillok.history.go.kr/id/kca_10101006_001,1
6394,태종실록,"태종실록: 건성사에서 제석 예참을 베풀고, 진관사에서 수륙재를 베풀다",https://sillok.history.go.kr/id/kca_10101007_001,1
6409,태종실록,태종실록: 경상도 도관찰출척사 전백영이 《상서》 사본을 바치다,https://sillok.history.go.kr/id/kca_10101008_001,1
6417,태종실록,태종실록: 연복사의 우물이 끓고 고기가 죽다,https://sillok.history.go.kr/id/kca_10101009_001,1
6392,태종실록,태종실록: 정빈 민씨를 정비로 봉하는 책문,https://sillok.history.go.kr/id/kca_10101010_001,1
6423,태종실록,태종실록: 달이 필성을 범하다,https://sillok.history.go.kr/id/kca_10101010_002,1
6391,태종실록,태종실록: 신하들이 전을 올려 정비의 책봉을 하례하다,https://sillok.history.go.kr/id/kca_10101011_001,1
6402,태종실록,태종실록: 진양의 속현인 악양 장탄의 큰 돌이 저절로 90여 척이나 옮겨지다,https://sillok.history.go.kr/id/kca_10101013_001,1
6393,태종실록,태종실록: 검교 참찬문하부사 권균의 졸기,https://sillok.history.go.kr/id/kca_10101013_002,1
5198,태종실록,태종실록: 청성백 심덕부의 졸기,https://sillok.history.go.kr/id/kca_10101014_001,1
5204,태종실록,태종실록: 문하부 건의로 인재 등용·변정 도감 폐지·둔전 폐지 방안 등을 채택,https://sillok.history.go.kr/id/kca_10101014_002,1
5205,태종실록,태종실록: 참찬문하부사 권근이 치도 6조목을 임금에게 권고하다,https://sillok.history.go.kr/id/kca_10101014_003,1
6404,태종실록,태종실록: 남양군 홍길민이 한양 환도와 언로를 열어 놓을 것을 건의하다,https://sillok.history.go.kr/id/kca_10101014_004,1
6395,태종실록,"태종실록: 비가 오고, 나무에 얼음이 얼다",https://sillok.history.go.kr/id/kca_10101015_001,1
5197,태종실록,태종실록: 이저·이거이 등에게 좌명 공신의 훈호를 내리는 교서,https://sillok.history.go.kr/id/kca_10101015_002,1
5194,태종실록,"태종실록: 노비 변정 도감을 혁파하고, 미결 사건을 파악, 보고하게 하다",https://sillok.history.go.kr/id/kca_10101015_003,1
6422,태종실록,태종실록: 나무에 성에가 끼다,https://sillok.history.go.kr/id/kca_10101017_001,1
6405,태종실록,"태종실록: 관음굴에서 수륙재를 베풀고, 궁중의 사적인 불사는 허용하다",https://sillok.history.go.kr/id/kca_10101017_002,1
6421,태종실록,태종실록: 원단에 곡식이 잘 되기를 빌다,https://sillok.history.go.kr/id/kca_10101020_001,1
6401,태종실록,태종실록: 서장관 최윤이 황제의 교서를 받들고 사신들이 온다는 소식을 전하다,https://sillok.history.go.kr/id/kca_10101021_001,1
6420,태종실록,태종실록: 밤중에 사방에 붉은 기운이 있다,https://sillok.history.go.kr/id/kca_10101022_001,1
6424,태종실록,태종실록: 햇무리가 지다,https://sillok.history.go.kr/id/kca_10101023_001,1
6418,태종실록,"태종실록: 햇무리가 지고, 동남쪽에 붉은 기운이 보이다",https://sillok.history.go.kr/id/kca_10101024_001,1
6400,태종실록,"태종실록: 도관찰출척사를 안렴사로 고치고, 안노생 등을 각도의 안렴사로 삼다",https://sillok.history.go.kr/id/kca_10101024_002,1
6396,태종실록,태종실록: 연복사의 우물이 끓으니 좌승지 이원을 보내 제사지내다,https://sillok.history.go.kr/id/kca_10101025_001,1
6390,태종실록,태종실록: 조준 등에게 관직을 제수하다. 대사헌 김약채·중승 전순 외의 대관들을 폄척하다,https://sillok.history.go.kr/id/kca_10101025_002,1
6414,태종실록,태종실록: 대마도의 사미승 영감이 말 6필을 바치다,https://sillok.history.go.kr/id/kca_10101025_003,1
5201,태종실록,태종실록: 공·후·백의 작호를 부원 대군·부원군·군으로 고치다,https://sillok.history.go.kr/id/kca_10101025_004,1
6416,태종실록,태종실록: 항복한 왜인을 각 고을에 나누어 두다,https://sillok.history.go.kr/id/kca_10101025_005,1
5203,태종실록,태종실록: 좌산기 상시 이복시 등이 대사헌 김약채·중승 전순 등을 탄핵하는 상소문,https://sillok.history.go.kr/id/kca_10101026_001,1
6406,태종실록,태종실록: 화성이 방성의 상상 서쪽으로 한 치쯤 되는 곳에 있다,https://sillok.history.go.kr/id/kca_10101027_001,1
6399,태종실록,"태종실록: 김약채를 다시 대사헌으로 삼고, 김자수·전순 등 대관들도 임명하다",https://sillok.history.go.kr/id/kca_10101027_002,1
6408,태종실록,"태종실록: 달이 필성을 범하고, 형혹성이 방성의 상상을 범하다",https://sillok.history.go.kr/id/kca_10101029_001,1
6407,태종실록,태종실록: 대사헌 김약채가 여러 번 탄핵을 당해 사직을 청하다,https://sillok.history.go.kr/id/kca_10101029_002,1
6397,태종실록,태종실록: 태상전에 조회하다,https://sillok.history.go.kr/id/kca_10102001_001,1
5193,태종실록,태종실록: 남의 아내를 간통하려 한 검교 공조 전서 김보를 청주로 귀양보내다,https://sillok.history.go.kr/id/kca_10102002_001,1
5192,태종실록,태종실록: 검교 참찬문하부사 김인귀 등 26인을 외방에 안치할 것을 명하다,https://sillok.history.go.kr/id/kca_10102002_002,1
6413,태종실록,태종실록: 정남진·조진·노필·이지실에게 외직을 제수하다,https://sillok.history.go.kr/id/kca_10102002_003,1
6389,태종실록,태종실록: 허조에게 욕을 보인 응인 김종남을 청주로 내치다,https://sillok.history.go.kr/id/kca_10102002_004,1
5196,태종실록,태종실록: 중국의 사신 육옹과 임사영이 조서를 가지고 오다,https://sillok.history.go.kr/id/kca_10102006_001,1
6411,태종실록,태종실록: 하성절사로 갔던 예문춘추관 태학사 이지가 돌아오다,https://sillok.history.go.kr/id/kca_10102006_002,1
6412,태종실록,태종실록: 태상왕이 태평관에 가서 사신을 보고 돌아오다,https://sillok.history.go.kr/id/kca_10102007_001,1
6415,태종실록,태종실록: 의정부에 나아가 사신에게 잔치를 베풀다,https://sillok.history.go.kr/id/kca_10102007_002,1
5195,태종실록,태종실록: 사헌부 탄핵으로 이조·이백온 형제를 개인 농장에 안치하다,https://sillok.history.go.kr/id/kca_10102007_003,1
6419,태종실록,태종실록: 사신이 왕궁에 이르러 전날의 잔치를 사례하다,https://sillok.history.go.kr/id/kca_10102008_001,1
6410,태종실록,태종실록: 태상왕이 사신을 덕수궁에서 맞이하여 잔치를 베풀다,https://sillok.history.go.kr/id/kca_10102009_001,1
6403,태종실록,태종실록: 영안군이 모반을 꾀한다고 무고한 변남룡 부자를 기시(棄市)하다,https://sillok.history.go.kr/id/kca_10102009_002,1
6398,태종실록,태종실록: 태상왕이 태평관에 가서 중국 사신에게 잔치를 베풀다,https://sillok.history.go.kr/id/kca_10102010_001,1
5340,태종실록,태종실록: 세자가 금빛 고양이를 구하려 하다,https://sillok.history.go.kr/id/kca_11711024_002,1
5209,헌종실록,헌종실록: 임금이 숭정문에서 즉위하고 왕대비 수렴 청정의 예를 행하다,https://sillok.history.go.kr/id/kxa_10011018_001,1
5219,헌종실록,헌종실록: 왕대비가 주상의 즉위에 따라 추숭 전례를 거행하도록 하교하다,https://sillok.history.go.kr/id/kxa_10011018_002,1
6425,헌종실록,헌종실록: 박종훈·이희준·성수묵에게 관직을 제수하다,https://sillok.history.go.kr/id/kxa_10011018_003,1
5221,헌종실록,헌종실록: 감군 순장에게 명하여 공제 전에는 그대로 번을 들게 하다,https://sillok.history.go.kr/id/kxa_10011018_004,1
5212,헌종실록,헌종실록: 대행 대왕과 효명 세자의 시호를 정하다,https://sillok.history.go.kr/id/kxa_10011019_001,1
6433,헌종실록,헌종실록: 왕대비전께서 백관의 조알과 경외의 공헌을 거행하다,https://sillok.history.go.kr/id/kxa_10011019_002,1
5214,헌종실록,헌종실록: 기호 지방에 제수의 복정을 특별히 늦추게 하다,https://sillok.history.go.kr/id/kxa_10011020_001,1
6428,헌종실록,헌종실록: 김양순·홍치규에게 관직을 제수하다,https://sillok.history.go.kr/id/kxa_10011021_001,1
5218,헌종실록,헌종실록: 한성부의 하속들이 주구하고 징색하는 폐단을 범하지 않도록 신칙하다,https://sillok.history.go.kr/id/kxa_10011028_001,1
6443,헌종실록,헌종실록: 임금이 친히 빈전의 망전을 지내다,https://sillok.history.go.kr/id/kxa_10012015_001,1
5211,헌종실록,헌종실록: 남공철·이상황 등이 절실하고 시급한 여섯 가지의 일을 아뢰다,https://sillok.history.go.kr/id/kxa_10012016_001,1
5210,헌종실록,헌종실록: 대왕 대비가 조정의 대신들을 경계시키다,https://sillok.history.go.kr/id/kxa_10012016_002,1
6444,헌종실록,헌종실록: 이노병을 사간원 대사간으로 삼다,https://sillok.history.go.kr/id/kxa_10012016_003,1
6434,헌종실록,헌종실록: 옥당에서 연차하여 강학을 권면할 것을 진달하다,https://sillok.history.go.kr/id/kxa_10012016_004,1
6445,헌종실록,헌종실록: 조만영을 호위 대장으로 삼다,https://sillok.history.go.kr/id/kxa_10012020_001,1
6441,헌종실록,헌종실록: 산릉을 파주의 옛 장릉 왼쪽 언덕에 정하다,https://sillok.history.go.kr/id/kxa_10012021_001,1
6427,헌종실록,헌종실록: 서만수·장교조에게 관직을 제수하다,https://sillok.history.go.kr/id/kxa_10012021_002,1
6432,헌종실록,헌종실록: 고부 겸 청시 청승습사의 배표를 숭정전에서 행하다,https://sillok.history.go.kr/id/kxa_10012022_001,1
6439,헌종실록,헌종실록: 임금이 흥정당에 나아가다,https://sillok.history.go.kr/id/kxa_10012025_001,1
6437,헌종실록,헌종실록: 경기와 영남의 도신에게 월봉을 명하다,https://sillok.history.go.kr/id/kxa_10012025_002,1
5217,헌종실록,헌종실록: 궁가에서 비리로 세를 차지하고 평민을 잡아 가두는 폐단을 엄금하다,https://sillok.history.go.kr/id/kxa_10012025_003,1
5220,헌종실록,헌종실록: 능역 때 제주 백성에게 바다를 건너와 부역하지 못하게 하다,https://sillok.history.go.kr/id/kxa_10012025_004,1
5208,헌종실록,헌종실록: 대행 대왕의 세실의 예를 정할 것을 아뢰는 영돈녕 조만영의 상소,https://sillok.history.go.kr/id/kxa_10012025_005,1
6440,헌종실록,헌종실록: 도정을 행하다,https://sillok.history.go.kr/id/kxa_10012028_001,1
5215,헌종실록,헌종실록: 경조에서 백성의 수를 올리다,https://sillok.history.go.kr/id/kxa_10012030_001,1
5213,헌종실록,헌종실록: 파주의 옛 환곡 및 계사년·갑오년의 전세와 대동을 감할 것을 명하다,https://sillok.history.go.kr/id/kxa_10101003_001,1
6442,헌종실록,헌종실록: 중비로 조인영을 이조 판서로 삼다,https://sillok.history.go.kr/id/kxa_10101005_001,1
6435,헌종실록,헌종실록: 대행 대왕의 세실에 관한 의절을 의논하다,https://sillok.history.go.kr/id/kxa_10101006_001,1
6459,헌종실록,헌종실록: 경현당에서 권강하다,https://sillok.history.go.kr/id/kxa_10101006_002,1
6458,헌종실록,헌종실록: 경현당에서 소대하다,https://sillok.history.go.kr/id/kxa_10101006_003,1
6429,헌종실록,헌종실록: 각신 박기수가 강연의 규례를 아뢰다,https://sillok.history.go.kr/id/kxa_10101007_001,1
6457,헌종실록,헌종실록: 경현당에서 소대하다,https://sillok.history.go.kr/id/kxa_10101007_002,1
6438,헌종실록,헌종실록: 비국에서 공시인들의 병폐를 복계하다,https://sillok.history.go.kr/id/kxa_10101007_003,1
6456,헌종실록,헌종실록: 경현당에서 권강하다,https://sillok.history.go.kr/id/kxa_10101008_001,1
6455,헌종실록,헌종실록: 경현당에서 소대하다,https://sillok.history.go.kr/id/kxa_10101008_002,1
6436,헌종실록,헌종실록: 황해 감사 서만순을 흥정당에서 소견하다,https://sillok.history.go.kr/id/kxa_10101008_003,1
6454,헌종실록,헌종실록: 경현당에서 권강하다,https://sillok.history.go.kr/id/kxa_10101009_001,1
6453,헌종실록,헌종실록: 경현당에서 소대하다,https://sillok.history.go.kr/id/kxa_10101009_002,1
5207,헌종실록,헌종실록: 제도의 장계 중 생략해도 합당한 것은 품지를 거쳐 재감하게 하다,https://sillok.history.go.kr/id/kxa_10101010_001,1
6452,헌종실록,헌종실록: 경현당에서 권강하다,https://sillok.history.go.kr/id/kxa_10101010_002,1
6430,헌종실록,헌종실록: 경현당에서 소대하다,https://sillok.history.go.kr/id/kxa_10101010_003,1
6446,헌종실록,헌종실록: 김재창을 병조 판서로 삼다,https://sillok.history.go.kr/id/kxa_10101010_004,1
6451,헌종실록,헌종실록: 경현당에서 권강하다,https://sillok.history.go.kr/id/kxa_10101011_001,1
6450,헌종실록,헌종실록: 경현당에서 소대하다,https://sillok.history.go.kr/id/kxa_10101011_002,1
6449,헌종실록,헌종실록: 경현당에서 권강하다,https://sillok.history.go.kr/id/kxa_10101012_001,1
6448,헌종실록,헌종실록: 경현당에서 소대하다,https://sillok.history.go.kr/id/kxa_10101012_002,1
6426,헌종실록,헌종실록: 서희순과 김흥근에게 관직을 제수하다,https://sillok.history.go.kr/id/kxa_10101012_003,1
6447,헌종실록,헌종실록: 경현당에서 권강하다,https://sillok.history.go.kr/id/kxa_10101013_001,1
6431,헌종실록,헌종실록: 경현당에서 소대하다,https://sillok.history.go.kr/id/kxa_10101013_002,1
5216,헌종실록,헌종실록: 임금이 빈전에서 조전과 고유제를 행하다,https://sillok.history.go.kr/id/kxa_10101013_003,1
5250,현종실록,현종실록: 효종 선문장무 대왕이 창덕궁 대조전에서 승하하다,https://sillok.history.go.kr/id/kra_10005004_001,1
5240,현종실록,현종실록: 정오 임종시에 정중휘로 하여금 ‘대점’ 두 글자를 써서 밖에 내다 보이게 하다,https://sillok.history.go.kr/id/kra_10005004_002,1
6504,현종실록,현종실록: 장선징 등을 내지로 불러들여 염습에 관한 일을 맡아보게 하다,https://sillok.history.go.kr/id/kra_10005004_004,1
5249,현종실록,현종실록: 어의 신가귀·유후성 등 6명을 의금부에 하옥하다,https://sillok.history.go.kr/id/kra_10005004_005,1
6524,현종실록,현종실록: 영의정 정태화를 원상으로 삼다,https://sillok.history.go.kr/id/kra_10005004_006,1
6527,현종실록,현종실록: 저녁에 큰 비가 내리다,https://sillok.history.go.kr/id/kra_10005004_007,1
6498,현종실록,현종실록: 왕세자가 대조전 거느림채 아래 여차에 있다,https://sillok.history.go.kr/id/kra_10005005_001,1
6517,현종실록,현종실록: 예조 판서 윤강·참판 윤순지 등이 상식과 다례에 관해 주달하다,https://sillok.history.go.kr/id/kra_10005005_002,1
6525,현종실록,현종실록: 예조가 복제에 관해 주달하다,https://sillok.history.go.kr/id/kra_10005005_003,1
6511,현종실록,현종실록: 예조가 기축년 고사대로 길일을 택하여 종묘·영녕전·사직에 고할 것을 아뢰다,https://sillok.history.go.kr/id/kra_10005005_004,1
5238,현종실록,현종실록: 대사헌 이응시 등이 군신 복의의 교훈을 따라 잘못된 복제를 바로잡을 것을 청하다,https://sillok.history.go.kr/id/kra_10005005_005,1
5242,현종실록,현종실록: 원상 정태화가 중사 임우문과 함께 소렴할 시간을 갑시로 정하다,https://sillok.history.go.kr/id/kra_10005005_006,1
6503,현종실록,현종실록: 왕세자가 대조전 거느림채 아래 여차에 있다,https://sillok.history.go.kr/id/kra_10005006_001,1
5251,현종실록,현종실록: 갑시에 소렴을 거행하다,https://sillok.history.go.kr/id/kra_10005006_002,1
6496,현종실록,현종실록: 소렴 후 끈을 매는 일에 관한 정태화와 송준길의 논의,https://sillok.history.go.kr/id/kra_10005006_003,1
6521,현종실록,현종실록: 신하들의 질·장에 관한 이경석·이후원 등의 논의,https://sillok.history.go.kr/id/kra_10005006_004,1
6499,현종실록,현종실록: 정태화가 부판을 쓸 것을 청하자 왕세자가 노여워 하다,https://sillok.history.go.kr/id/kra_10005006_005,1
6510,현종실록,현종실록: 모든 신하들이 질·장을 하도록 하령할 것을 양사가 청하였으나 허락하지 않다,https://sillok.history.go.kr/id/kra_10005006_006,1
6495,현종실록,현종실록: 원상 정태화가 왕자·왕손·부마의 여차 출입에 관해 주달하다,https://sillok.history.go.kr/id/kra_10005006_007,1
5246,현종실록,현종실록: 예조가 즉위 일시를 택한 단자를 들여와 주달하니 그 사유를 묻다,https://sillok.history.go.kr/id/kra_10005006_008,1
6520,현종실록,현종실록: 성복 날 뒤이어 즉위하는 것에 관해 다시 의논하게 하다,https://sillok.history.go.kr/id/kra_10005006_009,1
6502,현종실록,현종실록: 왕세자가 대조전 거느림채 아래 여차에 있다,https://sillok.history.go.kr/id/kra_10005007_001,1
6516,현종실록,현종실록: 정태화·조형 등이 옛 예제를 본받아 대통을 계승할 것을 청하다,https://sillok.history.go.kr/id/kra_10005007_002,1
5244,현종실록,현종실록: 정태화 등이 소렴 때 입시했던 원임 대신 이하 모두를 다시 들어와 봉심하게 할 것을 청하다,https://sillok.history.go.kr/id/kra_10005007_003,1
6505,현종실록,현종실록: 새로 짠 재궁 내부에 3차에 걸쳐 옻칠을 하다,https://sillok.history.go.kr/id/kra_10005007_004,1
6501,현종실록,현종실록: 왕세자가 대조전 거느림채 아래 여차에 있다,https://sillok.history.go.kr/id/kra_10005008_001,1
6526,현종실록,현종실록: 사시에 대행 대왕 염상을 선정전으로 옮기다,https://sillok.history.go.kr/id/kra_10005008_002,1
6494,현종실록,현종실록: 오시에 대렴을 하다,https://sillok.history.go.kr/id/kra_10005008_003,1
6515,현종실록,현종실록: 영의정 정태화가 백관을 거느리고 조종조의 옛 법을 따를 것을 청하다,https://sillok.history.go.kr/id/kra_10005008_004,1
5239,현종실록,현종실록: 관학 유생 남이성 등이 정과 문을 다할 것에 관해 상소하다,https://sillok.history.go.kr/id/kra_10005008_005,1
6522,현종실록,현종실록: 백관들이 뭇 신하들의 청을 따를 것을 청하다,https://sillok.history.go.kr/id/kra_10005008_006,1
6513,현종실록,현종실록: 김수항이 대렴 때 베끈의 앞뒤가 바뀐 일로 담당관을 추고할 것을 주달하다,https://sillok.history.go.kr/id/kra_10005008_007,1
6497,현종실록,현종실록: 왕세자가 선정전 서쪽 계단 아래 여차에 있다,https://sillok.history.go.kr/id/kra_10005009_001,1
6500,현종실록,현종실록: 왕세자의 즉위 의식을 거행하다,https://sillok.history.go.kr/id/kra_10005009_002,1
5243,현종실록,현종실록: 왕세자가 즉위하고 팔방에 교시를 반포하다,https://sillok.history.go.kr/id/kra_10005009_003,1
6506,현종실록,현종실록: 병조가 궁성 밖의 호위를 맡았던 두 국 군대를 철수케 할 것을 청하다,https://sillok.history.go.kr/id/kra_10005009_004,1
6519,현종실록,현종실록: 선전관을 보내 대행 대왕의 흉문을 봉황성에다 먼저 알리다,https://sillok.history.go.kr/id/kra_10005009_005,1
6518,현종실록,현종실록: 정태화가 좌의정 심지원과 함께 원상의 일을 행할 것을 청하다,https://sillok.history.go.kr/id/kra_10005009_006,1
5247,현종실록,현종실록: 대사헌 이응시 등이 원두표·홍명하 등을 처벌할 것을 아뢰다,https://sillok.history.go.kr/id/kra_10005009_007,1
6509,현종실록,현종실록: 영돈녕부사 이경석 등이 재신들과 빈청에 모여 대행 대왕의 시호 등을 정하다,https://sillok.history.go.kr/id/kra_10005011_001,1
6512,현종실록,현종실록: 재궁에 옻칠을 할 때마다 도감 당상이 부복하고 승지·사관 모두가 입시하다,https://sillok.history.go.kr/id/kra_10005011_002,1
6508,현종실록,현종실록: 이응시 등이 각도의 어사에게 일을 마친 후 복명하도록 명을 내릴 것을 청하다,https://sillok.history.go.kr/id/kra_10005012_001,1
6514,현종실록,현종실록: 훈국 별장 김경의 일로 관원들 모두가 인피하니 사직하지 말라 명하다,https://sillok.history.go.kr/id/kra_10005013_001,1
6523,현종실록,현종실록: 판중추부사 정유성을 고부 정사에 임명하다,https://sillok.history.go.kr/id/kra_10005014_001,1
5237,현종실록,현종실록: 이판 송시열이 대행 대왕의 지문 찬술을 사양하였으나 사양하지 말라고 유시하다,https://sillok.history.go.kr/id/kra_10005016_001,1
5241,현종실록,현종실록: 임금의 상 중에 각도 암행 어사를 돌아오도록 한 것에 관한 이경석 등의 논의,https://sillok.history.go.kr/id/kra_10005016_002,1
6507,현종실록,현종실록: 임금의 상 중에 각도 암행 어사를 돌아오도록 한 것에 관한 이경석 등의 논의,https://sillok.history.go.kr/id/kra_10005017_001,1
5245,현종실록,현종실록: 정태화 등이 친족들의 궁궐 출입을 각별히 살필 것을 구전으로 아뢰다,https://sillok.history.go.kr/id/kra_10005017_002,1
5248,현종실록,현종실록: 양사가 합동으로 어의 신가귀 등을 목벨 것 등을 연거푸 아뢰다,https://sillok.history.go.kr/id/kra_10005017_003,1
5252,효종실록,"효종실록: 인조 대왕 승하 5일 후 효종 대왕이 즉위, 그전의 행실에 대하여 기록하다",https://sillok.history.go.kr/id/kqa_10005008_001,1
6543,효종실록,효종실록: 시신을 옷과 이불로 싸다,https://sillok.history.go.kr/id/kqa_10005009_001,1
6542,효종실록,효종실록: 함릉군 이해에게 능을 지키는 관직을 맡기다,https://sillok.history.go.kr/id/kqa_10005009_002,1
6552,효종실록,효종실록: 양사가 어의 이형익 등을 치죄할 것을 청하다,https://sillok.history.go.kr/id/kqa_10005009_004,1
6538,효종실록,효종실록: 영의정 김자점과 좌의정 이경석에게 졸곡까지 정무를 임시로 맡기다,https://sillok.history.go.kr/id/kqa_10005009_005,1
6556,효종실록,효종실록: 시신에 옷을 입히고 이불로 싸서 베로 묶다,https://sillok.history.go.kr/id/kqa_10005012_001,1
6558,효종실록,효종실록: 처음으로 상복을 입다,https://sillok.history.go.kr/id/kqa_10005013_001,1
5258,효종실록,효종실록: 왕이 즉위하고 대사령을 내리고 교서를 반포하다,https://sillok.history.go.kr/id/kqa_10005013_002,1
5263,효종실록,효종실록: 외지에서 진상하는 것을 금지하다,https://sillok.history.go.kr/id/kqa_10005013_003,1
5257,효종실록,효종실록: 예조가 종묘에 즉위한 것을 고하도록 아뢰다,https://sillok.history.go.kr/id/kqa_10005014_001,1
6537,효종실록,효종실록: 송시열 등의 원로를 중앙으로 초청하다,https://sillok.history.go.kr/id/kqa_10005014_003,1
6550,효종실록,효종실록: 김상헌에게 조정에 있을 것을 부탁하였으나 사양하다,https://sillok.history.go.kr/id/kqa_10005014_004,1
6539,효종실록,효종실록: 국상을 치를 때의 의복에 대하여 예조가 아뢰다,https://sillok.history.go.kr/id/kqa_10005014_005,1
6546,효종실록,효종실록: 수결을 새긴 도장의 문자를 대신과 육조 2품 이상이 빈청에 모여 의논하다,https://sillok.history.go.kr/id/kqa_10005015_002,1
6544,효종실록,효종실록: 국상 발인 전에 백관이 빈전에 숙배하는 문제로 예조가 아뢰다,https://sillok.history.go.kr/id/kqa_10005016_001,1
6536,효종실록,효종실록: 인조가 생전에 내렸던 명을 처리하게 하다,https://sillok.history.go.kr/id/kqa_10005016_003,1
6532,효종실록,효종실록: 인조의 능인 장릉이 좋지 않음을 건의한 조익을 체직시키다,https://sillok.history.go.kr/id/kqa_10005018_001,1
6541,효종실록,효종실록: 이경여의 유배지의 가시 울타리를 철거시키도록 하다,https://sillok.history.go.kr/id/kqa_10005020_001,1
6540,효종실록,효종실록: 인조의 묘호와 시호를 의논하여 정하다,https://sillok.history.go.kr/id/kqa_10005023_001,1
6533,효종실록,효종실록: 심대부가 묘호가 적당치 않음을 간하였으나 논의하지 않다,https://sillok.history.go.kr/id/kqa_10005023_002,1
6531,효종실록,효종실록: 부수찬 유계가 묘호에 대한 재고를 간하였으나 허락치 않다,https://sillok.history.go.kr/id/kqa_10005023_003,1
6534,효종실록,효종실록: 사간 조빈이 묘호 문제를 다시 의논할 것을 상소하다,https://sillok.history.go.kr/id/kqa_10005023_004,1
6549,효종실록,효종실록: 왕의 생일이라 정부와 육조가 봉진하였으나 받지 않다,https://sillok.history.go.kr/id/kqa_10005023_005,1
6529,효종실록,효종실록: 호조 판서 원두표가 붕당의 폐해와 이의 시정을 요구하는 상소를 올리다,https://sillok.history.go.kr/id/kqa_10006004_001,1
5253,효종실록,효종실록: 예조 참판 허계가 존호를 더 올릴 것을 간하였으나 대신들이 반대하다,https://sillok.history.go.kr/id/kqa_10006008_001,1
6545,효종실록,효종실록: 사헌부가 허계의 파직을 간하여 허락하다,https://sillok.history.go.kr/id/kqa_10006008_002,1
6547,효종실록,효종실록: 인조의 죽음을 애도하는 굿을 궁중에서 금지하도록 우참찬 조경이 아뢰다,https://sillok.history.go.kr/id/kqa_10006008_003,1
6553,효종실록,효종실록: 사헌부가 예복 예절에 대하여 몇가지 고하다,https://sillok.history.go.kr/id/kqa_10006008_004,1
5266,효종실록,효종실록: 예조가 상복예와 진향하는 예에 관하여 아뢰다,https://sillok.history.go.kr/id/kqa_10006008_005,1
5259,효종실록,효종실록: 《오례의》에 근거하여 임금과 세자의 복장에 대하여 예조가 아뢰다,https://sillok.history.go.kr/id/kqa_10006008_006,1
6554,효종실록,효종실록: 공제 후 정사를 보기로 의논하다,https://sillok.history.go.kr/id/kqa_10006008_007,1
5255,효종실록,효종실록: 김집·송준길·권시·이유태 등을 조정으로 불렀으나 권시·이유태는 돌아갈 것을 간하다,https://sillok.history.go.kr/id/kqa_10006008_008,1
6535,효종실록,효종실록: 소명을 받고 올라온 자를 접대할 것을 지시하다,https://sillok.history.go.kr/id/kqa_10006008_009,1
6555,효종실록,효종실록: 김집을 예조 참판에 제수하다,https://sillok.history.go.kr/id/kqa_10006009_001,1
5262,효종실록,효종실록: 병조가 이유태의 관직을 거론하였으나 반대하다,https://sillok.history.go.kr/id/kqa_10006009_002,1
5264,효종실록,효종실록: 조경·김경여·정유성·이시해·이행우·홍명하·유계 등에게 관직을 제수하다,https://sillok.history.go.kr/id/kqa_10006009_003,1
5261,효종실록,효종실록: 정경 부인 김씨·숙안군 주와 숙명군 주·부위에게 새로 작위를 봉하다,https://sillok.history.go.kr/id/kqa_10006009_004,1
6551,효종실록,효종실록: 이조와 병부에게 신중하게 인사할 것을 당부하다,https://sillok.history.go.kr/id/kqa_10006009_005,1
6548,효종실록,효종실록: 병폐의 원인과 구제책을 진술하여 책으로 만들 것을 사헌부가 간하다,https://sillok.history.go.kr/id/kqa_10006009_006,1
6557,효종실록,효종실록: 허적에게 평양 감사를 제수하다,https://sillok.history.go.kr/id/kqa_10006010_001,1
6530,효종실록,효종실록: 도승지 김남중이 정언 유계의 체직에 반대하는 상소를 올리다,https://sillok.history.go.kr/id/kqa_10006010_002,1
6528,효종실록,효종실록: 예조 참판 김집이 사직을 청하여 허락하다,https://sillok.history.go.kr/id/kqa_10006010_003,1
5254,효종실록,효종실록: 사간원이 관방의 문란함을 시정할 것과 졸곡 전에 경연을 열 것을 간하다,https://sillok.history.go.kr/id/kqa_10006010_004,1
5256,효종실록,효종실록: 졸곡 전의 형벌에 대하여 대신들이 의논하다,https://sillok.history.go.kr/id/kqa_10006010_005,1
5260,효종실록,효종실록: 세자의 서연에 대하여 대신들과 의논하다,https://sillok.history.go.kr/id/kqa_10006012_001,1
5265,효종실록,효종실록: 근래 제수된 수령들의 상태를 살펴 올리도록 하다,https://sillok.history.go.kr/id/kqa_10006013_001,1
6721,효종실록,효종실록: 영의정 김자점을 탄핵한 김홍욱과 이석을 체차시키다,https://sillok.history.go.kr/id/kqa_10006016_002,1
6722,효종실록,효종실록: 조익·이시방·심대부·송시열·조복양·심세정·최온·엄정구에게 관직을 제수하다,https://sillok.history.go.kr/id/kqa_10006019_001,1
6723,효종실록,효종실록: 양사에서 김자점의 죄목을 들어 파직을 간하여 이에 따르다,https://sillok.history.go.kr/id/kqa_10006022_005,1
6724,효종실록,효종실록: 공조 참판 김집이 《오례의》에 근거한 항목 7가지와 초상의 절차를 적어 책자로 올리다,https://sillok.history.go.kr/id/kqa_10006024_002,1
6725,효종실록,효종실록: 발인시 피해를 입은 백성의 요역을 감해주거나 물품을 주게 하다,https://sillok.history.go.kr/id/kqa_10007004_001,1
6726,효종실록,효종실록: 사업 선우협이 다섯 가지를 진언하는 상소를 올리다,https://sillok.history.go.kr/id/kqa_10007006_002,1
6727,효종실록,효종실록: 부교리 조복양이 김자점과 원두표가 분당으로 정치를 어지럽혔다고 상소하다,https://sillok.history.go.kr/id/kqa_10007013_002,1
6728,효종실록,효종실록: 호조 판서 정세규가 사직을 청하였으나 허락치 않다,https://sillok.history.go.kr/id/kqa_10007018_001,1
6729,효종실록,효종실록: 이경여·이응시·심노·홍무적을 고향으로 돌려 보내다,https://sillok.history.go.kr/id/kqa_10007019_003,1
6730,효종실록,효종실록: 병으로 미루었던 김집·신천익·김경여 등을 만나다,https://sillok.history.go.kr/id/kqa_10007027_001,1
6731,효종실록,효종실록: 예조가 건의하여 다시 전례를 올리도록 하다,https://sillok.history.go.kr/id/kqa_10007028_002,1
6732,효종실록,효종실록: 영의정 이경석이 김상헌보다 자신의 자리가 높음을 들어 사직을 청하다,https://sillok.history.go.kr/id/kqa_10008005_003,1
6733,효종실록,효종실록: 김상헌의 사직을 간곡히 만류하다,https://sillok.history.go.kr/id/kqa_10008008_003,1
6734,효종실록,효종실록: 이석·엄정구·임의백·신천익·김응조·김휘에게 관직을 제수하다,https://sillok.history.go.kr/id/kqa_10008016_001,1
6735,효종실록,효종실록: 제주 목사 김여수의 탐욕으로 도민이 고통을 받아 체임시키고 문초하게 하다,https://sillok.history.go.kr/id/kqa_10008017_003,1
6736,효종실록,효종실록: 김상헌의 상소로 인사가 공평하지 못함을 들어 이조 판서 심액을 추고하게 하다,https://sillok.history.go.kr/id/kqa_10008019_002,1
6737,효종실록,효종실록: 영의정 이경석이 심액의 일의 개요를 아뢰다,https://sillok.history.go.kr/id/kqa_10008020_003,1
6738,효종실록,효종실록: 사간원이 심액·유석·엄정구 등이 조정의 기강을 흐려 파직시킬 것을 간하다,https://sillok.history.go.kr/id/kqa_10008025_005,1
6739,효종실록,효종실록: 북도의 삼농사가 안 되 백성이 궁핍하여 목화 7천근을 보내게 하다,https://sillok.history.go.kr/id/kqa_10008026_004,1
6740,효종실록,효종실록: 이정영·임의백·홍처량·임한백이 김홍욱의 일로 사직을 청하다,https://sillok.history.go.kr/id/kqa_10008026_008,1
6741,효종실록,효종실록: 이재와 홍처윤을 임금을 무시한 죄로 파직시키고 추고하게 하다,https://sillok.history.go.kr/id/kqa_10008028_002,1
6742,효종실록,효종실록: 조익·김육·이시방 등에게 관직을 제수하다,https://sillok.history.go.kr/id/kqa_10009001_002,1
6743,효종실록,효종실록: 봉례 여작이 이형익 등의 죄를 엄하게 국문할 것을 간하다,https://sillok.history.go.kr/id/kqa_10009001_006,1
6744,효종실록,효종실록: 공조 좌랑 이유태가 파벌의 폐단을 아뢰다,https://sillok.history.go.kr/id/kqa_10009002_004,1
6745,효종실록,효종실록: 예조가 조사를 접견할 때의 옷 색깔에 대하여 아뢰다,https://sillok.history.go.kr/id/kqa_10009008_002,1
6746,효종실록,효종실록: 예조에서 발인시 거쳐야 할 곳을 아뢰다,https://sillok.history.go.kr/id/kqa_10009010_003,1
6747,효종실록,효종실록: 사헌부가 이행진과 이시행도 아울러 파직시킬 것을 간하였으나 허락치 않다,https://sillok.history.go.kr/id/kqa_10009013_002,1
6748,효종실록,효종실록: 인조의 장례를 지내다,https://sillok.history.go.kr/id/kqa_10009020_001,1
6749,효종실록,효종실록: 김경여와 신천익의 여사에 옷가지를 내리도록 해조에게 명하다,https://sillok.history.go.kr/id/kqa_10010003_002,1
6750,효종실록,효종실록: 송시열이 사직을 청하였으나 머무를 것을 간곡히 부탁하다,https://sillok.history.go.kr/id/kqa_10010006_002,1
6751,효종실록,효종실록: 해사에게 실정과 법을 참고로 백성의 억울함을 풀어줄 것을 이르다,https://sillok.history.go.kr/id/kqa_10010008_001,1
6752,효종실록,효종실록: 부응교 신천익이 《중용》의 문구를 들어 마음을 바르게 할 것을 간하다,https://sillok.history.go.kr/id/kqa_10010015_001,1
6753,효종실록,효종실록: 《선조실록》을 개수하는 작업을 다시 시작할 것을 사헌부가 간하다,https://sillok.history.go.kr/id/kqa_10010018_001,1
6754,효종실록,효종실록: 비변사가 북로의 흉년을 청에 알려 청으로 인한 피해를 미리 막을 것을 간하다,https://sillok.history.go.kr/id/kqa_10010020_002,1
6755,효종실록,효종실록: 3 도감에 대한 격상의 인사와 이행우와 정지화에게 관직을 제수하다,https://sillok.history.go.kr/id/kqa_10010024_001,1
6756,효종실록,효종실록: 이회의 아들과 전 옥사 송흥주의 아들을 간통죄로 파직시키고 국문하도록 하다,https://sillok.history.go.kr/id/kqa_10010024_005,1
6757,효종실록,효종실록: 사헌부가 신면 등의 찬축을 환수할 것을 간하였으나 허락치 않다,https://sillok.history.go.kr/id/kqa_10010025_004,1
6758,효종실록,효종실록: 송시열이 인평 대군의 군노가 소란을 피운 일로 사직을 청하였으나 허락치 않다,https://sillok.history.go.kr/id/kqa_10010026_003,1
6759,효종실록,효종실록: 정인경·이홍연 등에게 관직을 제수하다,https://sillok.history.go.kr/id/kqa_10011004_001,1
6760,효종실록,효종실록: 주강에 나아가 《중용》을 강하고 제사의 윤대관을 만나다,https://sillok.history.go.kr/id/kqa_10011005_001,1
6761,효종실록,효종실록: 전남의 여섯 고을에서 해일이 발생하고 여산과 함열에서 지진이 발생하다,https://sillok.history.go.kr/id/kqa_10011006_001,1
6762,효종실록,효종실록: 김집이 고향으로 돌아가려는 것을 추위를 들어 만류하여 있게 하다,https://sillok.history.go.kr/id/kqa_10011010_001,1
6763,효종실록,효종실록: 부역 기피를 막기 위해 ‘5호 1통제’를 한성부에 건의하다,https://sillok.history.go.kr/id/kqa_10011011_002,1
6764,효종실록,효종실록: 대사헌 김집을 경연에 입시시키다,https://sillok.history.go.kr/id/kqa_10011018_002,1
6765,효종실록,효종실록: 변란 이후의 개취 문제를 사헌부가 아뢰다,https://sillok.history.go.kr/id/kqa_10011021_003,1
6766,효종실록,효종실록: 비변사와 지방의 인재 등용 방법에 대하여 의논하다,https://sillok.history.go.kr/id/kqa_10011022_004,1
6767,효종실록,효종실록: 진도 군수 이효성과 남포 현감 이순성을 파직시키다,https://sillok.history.go.kr/id/kqa_10011025_002,1
6768,효종실록,효종실록: 진선 심광수가 사직하면서 시폐 몇 조목을 아뢰다,https://sillok.history.go.kr/id/kqa_10012003_003,1
6769,효종실록,효종실록: 궁가 안에 부정 부패가 많다,https://sillok.history.go.kr/id/kqa_10012009_001,1
6770,효종실록,효종실록: 주강에 나아가 《중용》을 강하다,https://sillok.history.go.kr/id/kqa_10012012_001,1
6771,효종실록,효종실록: 예조와 설과를 하는 시기에 대하여 의논하다,https://sillok.history.go.kr/id/kqa_10012017_002,1
6772,효종실록,효종실록: 이조 정랑 홍명하가 김홍조의 인사가 부당함을 간하다,https://sillok.history.go.kr/id/kqa_10101008_002,1
6773,효종실록,효종실록: 심노·이경여 등을 석방하고 소현 세자의 아들을 가까운 곳으로 옮기게 하다,https://sillok.history.go.kr/id/kqa_10101012_001,1
6774,효종실록,효종실록: 전남도에서 큰 천둥이 치다,https://sillok.history.go.kr/id/kqa_10101018_002,1
5045,연산군일기,연산군일기: 이극돈 등이 성종의 염습을 정침에서 집행할 것을 아뢰다,https://sillok.history.go.kr/id/kja_10012025_001,1
6007,연산군일기,연산군일기: 을시에 습할 때 백관이 인정전에 들어와 곡하다,https://sillok.history.go.kr/id/kja_10012025_002,1
5047,연산군일기,연산군일기: 습을 마치고 제사가 끝나지 않아 세자가 나가자 신승선·노사신 등이 말리다,https://sillok.history.go.kr/id/kja_10012025_003,1
5044,연산군일기,연산군일기: 예조 판서 성현이 절에서 재 지낼지를 묻자 왕비가 허락하다,https://sillok.history.go.kr/id/kja_10012025_004,1
6016,연산군일기,연산군일기: 정시에 소렴할 때 노사신·신승선·이극돈 등이 들어와 염하고 백관이 곡림하다,https://sillok.history.go.kr/id/kja_10012025_005,1
6038,연산군일기,연산군일기: 석전에 백관이 곡림하다,https://sillok.history.go.kr/id/kja_10012025_006,1
6032,연산군일기,연산군일기: 예조 참판 송영이 장생전에서 왕의 관곽을 옮겨오다,https://sillok.history.go.kr/id/kja_10012025_007,1
6013,연산군일기,"연산군일기: 이극균·한치형 등을 국장 도감 제조로, 정문형·유순 등을 산릉 도감 제조로 삼다",https://sillok.history.go.kr/id/kja_10012025_008,1
5042,연산군일기,"연산군일기: 왕세자가 두 대비와 왕비전께 죽 들기를 청하자, 승정원이 먼저 세자에게 청하다",https://sillok.history.go.kr/id/kja_10012026_001,1
6036,연산군일기,연산군일기: 사직과 종묘와 영녕전에 상을 고하다,https://sillok.history.go.kr/id/kja_10012026_002,1
5043,연산군일기,연산군일기: 왕비가 성복할 날짜를 변경하려 하다가 빈전 도감 제조 이극돈의 반대로 그치다,https://sillok.history.go.kr/id/kja_10012026_003,1
5038,연산군일기,연산군일기: 부모의 상과 임금의 상이 겹친 유자광의 입장에 대하여 신하들이 찬반 토론하다,https://sillok.history.go.kr/id/kja_10012026_004,1
5040,연산군일기,연산군일기: 성종을 위하여 수륙재를 올리려 하자 강백진·이의손이 반대하여 상소하다,https://sillok.history.go.kr/id/kja_10012026_005,1
5049,연산군일기,연산군일기: 승지 강귀손이 태종에 대한 세자의 호칭 문제를 상고할 것을 아뢰다,https://sillok.history.go.kr/id/kja_10012026_006,1
6026,연산군일기,연산군일기: 윤필상·노사신·신승선·이극돈·김응기를 산릉 간심사로 삼다,https://sillok.history.go.kr/id/kja_10012026_007,1
6005,연산군일기,연산군일기: 세자가 모든 정승이 예궐하기를 전교하다,https://sillok.history.go.kr/id/kja_10012026_008,1
6008,연산군일기,연산군일기: 승정원과 예조가 작호를 받은 부인의 상복을 백의 3년으로 할 것을 의논하다,https://sillok.history.go.kr/id/kja_10012026_009,1
6004,연산군일기,연산군일기: 승정원이 수라 들기를 권하여 이에 따르다,https://sillok.history.go.kr/id/kja_10012027_001,1
6006,연산군일기,연산군일기: 강백진·이의손이 불사의 폐해를 아뢰다,https://sillok.history.go.kr/id/kja_10012027_002,1
5039,연산군일기,연산군일기: 홍문관 부제학 성세명 등이 불사를 하지 말도록 서계하다,https://sillok.history.go.kr/id/kja_10012027_003,1
6027,연산군일기,연산군일기: 모친상과 국상이 겹친 유자광에게 모친상을 따르도록 하다,https://sillok.history.go.kr/id/kja_10012027_004,1
6020,연산군일기,연산군일기: 표연말·양희지·권주 등이 성종을 위하여 불재를 지내지 말 것을 서계하다,https://sillok.history.go.kr/id/kja_10012027_005,1
6025,연산군일기,연산군일기: 홍문관 수찬 손주가 수륙재를 올리는 소문을 짓기를 사양하다,https://sillok.history.go.kr/id/kja_10012027_006,1
6023,연산군일기,연산군일기: 예문관 봉교 이소 등이 성종의 불교 배척 의지를 본받기를 아뢰다,https://sillok.history.go.kr/id/kja_10012027_007,1
6012,연산군일기,"연산군일기: 홍문관 부제학 성세명 등이 절에 재 올림을 책하고, 영의정 이극배가 사직을 청하다",https://sillok.history.go.kr/id/kja_10012027_008,1
6037,연산군일기,연산군일기: 충청도 면천·서산·당진에 지진이 일어나다,https://sillok.history.go.kr/id/kja_10012027_009,1
6009,연산군일기,연산군일기: 노사신이 절에 재 올림을 조종조의 고사로써 가볍게 여기다,https://sillok.history.go.kr/id/kja_10012028_001,1
6018,연산군일기,연산군일기: 홍문관 부제학 성세명 등이 재 올림의 옳고 그름을 대신에게 묻기를 청하다,https://sillok.history.go.kr/id/kja_10012028_002,1
6024,연산군일기,연산군일기: 사헌부 장령 강백진이 즉위한 처음에 재 지내지 말기를 아뢰다,https://sillok.history.go.kr/id/kja_10012028_003,1
6017,연산군일기,연산군일기: 홍문관 수찬 손주가 불사를 거행하는 일로 소문짓기를 거절하여 승지가 짓다,https://sillok.history.go.kr/id/kja_10012028_004,1
5037,연산군일기,"연산군일기: 축수재를 지냄에 대해 강백진·이의손 등이 하지 말기를 서계하였으나, 듣지 않다",https://sillok.history.go.kr/id/kja_10012028_005,1
5036,연산군일기,"연산군일기: 예조가 태종 대왕의 칭호를 임시로 칭하고, 홍문관이 옛 제도를 상고하도록 아뢰다",https://sillok.history.go.kr/id/kja_10012028_006,1
6033,연산군일기,연산군일기: 정시에 대렴하고 신시에 성빈하고 전을 올리다,https://sillok.history.go.kr/id/kja_10012028_007,1
6030,연산군일기,연산군일기: 5일 동안 철시하다. 모든 백성과 왜인까지 슬퍼하다,https://sillok.history.go.kr/id/kja_10012028_008,1
5035,연산군일기,"연산군일기: 승정원이 즉위 때 사령을 반포할 것을 아뢰니, 정승들이 충군자만 석방토록 아뢰다",https://sillok.history.go.kr/id/kja_10012029_001,1
6029,연산군일기,연산군일기: 승지 송질을 보재어 장의사에서 수륙재를 지내게 하다,https://sillok.history.go.kr/id/kja_10012029_002,1
6031,연산군일기,연산군일기: 성균관 및 사학의 유생들이 대궐문 밖에서 곡림하다,https://sillok.history.go.kr/id/kja_10012029_003,1
5041,연산군일기,연산군일기: 미시에 성복하다. 의례를 마치고 중외에 사령을 반포하다,https://sillok.history.go.kr/id/kja_10012029_004,1
6035,연산군일기,연산군일기: 성균관 유생 조유형 등이 선왕을 위해 재를 지냄은 효도가 아니니 금지를 청하다,https://sillok.history.go.kr/id/kja_10012029_005,1
6010,연산군일기,연산군일기: 정언 이의손이 송흠·김흥수가 성종에게 약을 잘못 썼다하여 극형 징계를 청하다,https://sillok.history.go.kr/id/kja_10012029_006,1
6022,연산군일기,연산군일기: 정승들과 국사를 의논하라는 성종의 유교를 시행토록 승정원에 전교하다,https://sillok.history.go.kr/id/kja_10012029_007,1
6015,연산군일기,연산군일기: 강백진·이의손이 수륙재에 대한 대간의 간언을 금지한 데 대해 실망을 아뢰다,https://sillok.history.go.kr/id/kja_10012029_008,1
6034,연산군일기,연산군일기: 왕이 빈전에서 조전하고 백관이 곡림하다,https://sillok.history.go.kr/id/kja_10101001_001,1
6028,연산군일기,연산군일기: 매일 의정 이상 두 사람이 번갈아 승정원에 좌기하다,https://sillok.history.go.kr/id/kja_10101001_002,1
6014,연산군일기,연산군일기: 홍문관 부제학 성세명 등이 재 지내는 일로 아뢰지 못하게 하는 잘못을 아뢰다,https://sillok.history.go.kr/id/kja_10101001_003,1
5048,연산군일기,연산군일기: 유자광이 어머니의 상을 당하고 임금의 상에 참가함에 대신들과 논란하다,https://sillok.history.go.kr/id/kja_10101001_004,1
6019,연산군일기,연산군일기: 대간이 합사하여 설재의 그른 것을 논하니 노사신이 입계하지 말도록 하다,https://sillok.history.go.kr/id/kja_10101001_005,1
6021,연산군일기,연산군일기: 승정원이 재 지내는 것을 허락치 말도록 아뢰었으나 왕이 따르지 않다,https://sillok.history.go.kr/id/kja_10101001_006,1
6011,연산군일기,연산군일기: 성균관 생원 조유형이 재 지내는 것이 선왕의 정치에 누가 된다고 상서하다,https://sillok.history.go.kr/id/kja_10101001_007,1
5046,연산군일기,연산군일기: 의정부와 육조가 성종의 상을 당하여 의관에게 죄주기를 청하다,https://sillok.history.go.kr/id/kja_10101001_008,1
4777,경종수정실록,"경종수정실록: 숙종 대왕이 승하하고, 왕세자가 즉위하다",https://sillok.history.go.kr/id/ktb_10006008_001,1
4774,경종수정실록,경종수정실록: 즉위 전날 예조에서 아뢴 복제 절목가 백관의 복제 별단,https://sillok.history.go.kr/id/ktb_10006008_002,1
5424,경종수정실록,경종수정실록: 내의 이시성 등을 의금부에 내리다,https://sillok.history.go.kr/id/ktb_10006008_003,1
5439,경종수정실록,경종수정실록: 대행 대왕의 시호를 내리다,https://sillok.history.go.kr/id/ktb_10006015_001,1
5423,경종수정실록,경종수정실록: 혜순 왕비를 왕대비로 추존하다,https://sillok.history.go.kr/id/ktb_10006015_002,1
5433,경종수정실록,경종수정실록: 왕대비가 대상 때 비용으로 쓰도록 내탕고의 은을 도감에 내리다,https://sillok.history.go.kr/id/ktb_10006015_003,1
5414,경종수정실록,경종수정실록: 상장을 짚는 것과 곡림에 대해 의논하다,https://sillok.history.go.kr/id/ktb_10006017_001,1
5417,경종수정실록,경종수정실록: 빈전을 선정전으로 옮기지 말게 하다,https://sillok.history.go.kr/id/ktb_10006017_002,1
4780,경종수정실록,"경종수정실록: 지평 혼현보가 능침에 육선을 올릴 것·은전하는 날 파산관, 관학생이 외반에서 망곡하게 할 것을 청하다",https://sillok.history.go.kr/id/ktb_10006017_003,1
4769,경종수정실록,경종수정실록: 산릉 총호사 이건명이 능의 외향을 숭릉의 준례에 의거할 것·왕비의 신위와 상탁을 가정자각에 옮겨 모실 것을 청하다,https://sillok.history.go.kr/id/ktb_10006018_001,1
5435,경종수정실록,경종수정실록: 우의정 이건명이 능에 의대와 서책을 넣지 말 것을 청하다,https://sillok.history.go.kr/id/ktb_10006026_001,1
5440,경종수정실록,경종수정실록: 유성이 나타나다,https://sillok.history.go.kr/id/ktb_10006030_001,1
5425,경종수정실록,경종수정실록: 죄수들이 옥문을 깨고 도망하게 한 옥관과 순라장을 국문하게 하다,https://sillok.history.go.kr/id/ktb_10006030_002,1
5445,경종수정실록,경종수정실록: 일식이 있다,https://sillok.history.go.kr/id/ktb_10007001_001,1
5444,경종수정실록,경종수정실록: 공제(公除)하다,https://sillok.history.go.kr/id/ktb_10007004_001,1
5437,경종수정실록,경종수정실록: 공제(公除)가 지났으므로 원상을 파출하다,https://sillok.history.go.kr/id/ktb_10007004_002,1
5432,경종수정실록,경종수정실록: 사위를 정청할 때 정반에 나가지 않은 좌윤 윤취상을 파직시키다,https://sillok.history.go.kr/id/ktb_10007004_003,1
4768,경종수정실록,경종수정실록: 좨주 이희조가 자신이 편찬한 《동현주의》를 강론할 것을 청하다,https://sillok.history.go.kr/id/ktb_10007005_001,1
5434,경종수정실록,경종수정실록: 지석의 덮개에 묘호와 시호만을 써 자획을 크게 하도록 하다,https://sillok.history.go.kr/id/ktb_10007006_001,1
5421,경종수정실록,경종수정실록: 판중추부사 이이명이 상복의 의절에 대해 건의하다,https://sillok.history.go.kr/id/ktb_10007008_001,1
4776,경종수정실록,경종수정실록: 기제와 묘제의 존폐에 대한 영의정 김창집의 의견,https://sillok.history.go.kr/id/ktb_10007008_002,1
5429,경종수정실록,경종수정실록: 홍문관에서 진강에 적합한 편목을 유신으로 하여금 상의하여 초출하게 할 것을 청하다,https://sillok.history.go.kr/id/ktb_10007008_003,1
5419,경종수정실록,경종수정실록: 이광좌를 예조 참판으로 삼다,https://sillok.history.go.kr/id/ktb_10007011_001,1
5426,경종수정실록,경종수정실록: 소대 때 진강할 책자에 대해 의논하게 하여 《절작통편》으로 정하다,https://sillok.history.go.kr/id/ktb_10007013_001,1
5411,경종수정실록,경종수정실록: 교리 홍정필이 졸곡이 지나기를 기다려 경연을 열 것을 건의하다,https://sillok.history.go.kr/id/ktb_10007014_001,1
4767,경종수정실록,경종수정실록: 연거 때의 복색을 마련하여 반포할 것을 청하는 대사헌 이희조의 상소,https://sillok.history.go.kr/id/ktb_10007015_001,1
4775,경종수정실록,경종수정실록: 공조 판서 민진원의 건의에 따라 세자궁과 빈궁에 진상하는 시탄의 수량 전부를 감제하게 하다,https://sillok.history.go.kr/id/ktb_10007015_002,1
4773,경종수정실록,경종수정실록: 예조에서 대신들의 의견을 수렴해 결정된 졸곡 후의 시사복에 대해 아뢰다,https://sillok.history.go.kr/id/ktb_10007018_001,1
4772,경종수정실록,경종수정실록: 정언 서종섭의 상소에 따라 출처의 의리에 근거가 없는 이광좌를 파직시키다,https://sillok.history.go.kr/id/ktb_10007018_002,1
5438,경종수정실록,경종수정실록: 조태구를 이조 판서로 삼다,https://sillok.history.go.kr/id/ktb_10007018_003,1
5431,경종수정실록,경종수정실록: 국상 이후 새로 직명을 제수한 자들을 추복할 것인가를 의논하게 하다,https://sillok.history.go.kr/id/ktb_10007018_004,1
5422,경종수정실록,경종수정실록: 영의정 김창집이 새로 입사한 자들이 최복을 입더라도 추복의 혐의는 없음을 아뢰다,https://sillok.history.go.kr/id/ktb_10007018_005,1
4770,경종수정실록,경종수정실록: 임금의 생모에게 작호를 줄 것을 청한 조중우를 삼수부에 유배하다,https://sillok.history.go.kr/id/ktb_10007018_006,1
5418,경종수정실록,경종수정실록: 집의 조성복이 조중우를 논죄하다,https://sillok.history.go.kr/id/ktb_10007018_007,1
4781,경종수정실록,경종수정실록: 조중우와 연류된 박경수·이수점 등을 추국하여 변방에 유배시키다,https://sillok.history.go.kr/id/ktb_10007027_001,1
4771,경종수정실록,경종수정실록: 이정익의 모함을 받은 승지 김일경이 사임을 청하다,https://sillok.history.go.kr/id/ktb_10008004_001,1
5441,경종수정실록,경종수정실록: 이조 판서 조태구를 면직시키다,https://sillok.history.go.kr/id/ktb_10008013_001,1
5442,경종수정실록,경종수정실록: 민진원을 이조 판서로 삼다,https://sillok.history.go.kr/id/ktb_10008017_001,1
5416,경종수정실록,경종수정실록: 이조 판서 민진원을 청에 따라 체직하다,https://sillok.history.go.kr/id/ktb_10008024_001,1
5427,경종수정실록,경종수정실록: 송상기를 이조 판서로 삼다,https://sillok.history.go.kr/id/ktb_10008025_001,1
5415,경종수정실록,경종수정실록: 승지 송성명의 청에 따라 승지 황선을 파직시키다,https://sillok.history.go.kr/id/ktb_10008030_001,1
5412,경종수정실록,경종수정실록: 정언 김용경의 상소에 따라 승지 송성명을 파직시키다,https://sillok.history.go.kr/id/ktb_10009001_001,1
5413,경종수정실록,경종수정실록: 성균관·사학의 유생 이기중의 청에 따라 하번·진동·구양철의 사우를 성균관 곁에 세우게 하다,https://sillok.history.go.kr/id/ktb_10009002_001,1
5420,경종수정실록,경종수정실록: 장의 윤지술이 지문에 신사년·병진년의 일을 기록할 것을 청하다,https://sillok.history.go.kr/id/ktb_10009007_001,1
5436,경종수정실록,경종수정실록: 일본 대마 도주의 조위 차왜에 접위관을 보내다,https://sillok.history.go.kr/id/ktb_10009007_002,1
5443,경종수정실록,경종수정실록: 천둥과 번개가 치다,https://sillok.history.go.kr/id/ktb_10009011_001,1
5430,경종수정실록,경종수정실록: 인산 때 궐내에 보관한 유막을 사용하고 영휘전 궁인의 미찬을 줄이게 하다,https://sillok.history.go.kr/id/ktb_10009013_001,1
4779,경종수정실록,경종수정실록: 사학의 유생 조징 등이 윤지술을 변호하며 유배시키지 말 것을 청하다,https://sillok.history.go.kr/id/ktb_10009015_001,1
5428,경종수정실록,경종수정실록: 환술을 부리는 요인 육현을 장살하다,https://sillok.history.go.kr/id/ktb_10009021_001,1
4778,경종수정실록,경종수정실록: 영의정 김창집이 천둥이 치므로 차자를 올려 면직할 것을 청하다,https://sillok.history.go.kr/id/ktb_10009026_001,1
5267,광해군정초본,광해군정초본: 선조가 정릉동 행궁에 있다,https://sillok.history.go.kr/id/kob_10002001_001,1
5268,광해군정초본,광해군정초본: 김대래·목장흠·최유원·황경중·기협 등에게 관직을 제수하다,https://sillok.history.go.kr/id/kob_10002001_002,1
4818,광해군정초본,광해군정초본: 지평 신광립이 이정원 등의 죄를 청하다,https://sillok.history.go.kr/id/kob_10002001_003,1
5269,광해군정초본,광해군정초본: 왕세자가 입시하다,https://sillok.history.go.kr/id/kob_10002001_005,1
5270,광해군정초본,광해군정초본: 승지들이 도착하다,https://sillok.history.go.kr/id/kob_10002001_006,1
5271,광해군정초본,"광해군정초본: 좌우 의정, 부원군, 부사들이 도착하다",https://sillok.history.go.kr/id/kob_10002001_007,1
5272,광해군정초본,광해군정초본: 약방에서 약을 올리다,https://sillok.history.go.kr/id/kob_10002001_008,1
5514,광해군정초본,광해군정초본: 대내에서 대신과 원임 대신을 들어오도록 하다,https://sillok.history.go.kr/id/kob_10002001_010,1
5516,광해군정초본,광해군정초본: 내외로 하여금 안정된 자세로 기다리게 하라고 대신들이 청하다,https://sillok.history.go.kr/id/kob_10002001_011,1
5273,광해군정초본,광해군정초본: 대신이 어의를 데리고 들어갔다가 상의 기후가 어쩔 수 없음을 알고 울면서 나오다,https://sillok.history.go.kr/id/kob_10002001_012,1
4826,광해군정초본,광해군정초본: 대내에서 유교를 유시하다,https://sillok.history.go.kr/id/kob_10002001_013,1
5524,광해군정초본,광해군정초본: 어보와 계자를 받다,https://sillok.history.go.kr/id/kob_10002001_014,1
5513,광해군정초본,광해군정초본: 왕세자가 하령하였다.,https://sillok.history.go.kr/id/kob_10002001_015,1
5274,광해군정초본,광해군정초본: 허욱·최언준·구의강 등에게 관직을 제수하다,https://sillok.history.go.kr/id/kob_10002001_016,1
5518,광해군정초본,광해군정초본: 대신이 어보와 계자를 전부하는 일 때문에 회달하다,https://sillok.history.go.kr/id/kob_10002001_017,1
4812,광해군정초본,광해군정초본: 내전에서 해사가 어려우므로 억지로 옷감을 들여올 필요가 없다고 하교하다,https://sillok.history.go.kr/id/kob_10002001_018,1
5521,광해군정초본,광해군정초본: 양사에서 어의를 추국하여야 한다고 아뢰다,https://sillok.history.go.kr/id/kob_10002001_019,1
4817,광해군정초본,광해군정초본: 옥당에서 구의강을 수릉관으로 삼은 것은 옳지 않다고 아뢰다,https://sillok.history.go.kr/id/kob_10002001_020,1
4820,광해군정초본,광해군정초본: 이조에서 구의강을 수릉관으로 삼은 이유에 대하여 아뢰다,https://sillok.history.go.kr/id/kob_10002001_021,1
5275,광해군정초본,광해군정초본: 금계군 박동량이 수릉관으로 들어오다,https://sillok.history.go.kr/id/kob_10002001_022,1
4816,광해군정초본,광해군정초본: 이원익·이덕형 등이 왕위를 물려받는 절차를 행해야 한다고 하다,https://sillok.history.go.kr/id/kob_10002002_002,1
5522,광해군정초본,광해군정초본: 대신들이 사위하는 절차에 대하여 아뢰다,https://sillok.history.go.kr/id/kob_10002002_003,1
5523,광해군정초본,광해군정초본: 대신들이 속히 대례를 행하자고 아뢰다,https://sillok.history.go.kr/id/kob_10002002_004,1
4825,광해군정초본,광해군정초본: 대신들이 왕위를 비워둘 수 없다고 속히 대례를 행해야 한다고 아뢰다,https://sillok.history.go.kr/id/kob_10002002_005,1
5276,광해군정초본,광해군정초본: 묘시에 목욕시키고 병시에 염습하다,https://sillok.history.go.kr/id/kob_10002002_006,1
5520,광해군정초본,광해군정초본: 유영경·한응인·박동량 등에게 유교를 내리다,https://sillok.history.go.kr/id/kob_10002002_007,1
4814,광해군정초본,광해군정초본: 예조에서 중전·세자비·원자의 휘호를 올리는 것에 대하여 아뢰다,https://sillok.history.go.kr/id/kob_10002002_008,1
5277,광해군정초본,광해군정초본: 대신들이 여러번 청하여 정릉동 행궁의 서청에서 즉위하고 하례를 받다,https://sillok.history.go.kr/id/kob_10002002_009,1
4813,광해군정초본,광해군정초본: 광해군이 선왕의 유교를 받고 어좌에 오르다,https://sillok.history.go.kr/id/kob_10002002_010,1
4823,광해군정초본,광해군정초본: 대궐 문과 담장 밖에 잡인들이 접근하지 못하도록 호위하라고 병조에 전교하다,https://sillok.history.go.kr/id/kob_10002003_001,1
4824,광해군정초본,광해군정초본: 사헌부의 대신들을 체차하여야 한다는 홍문관 부제학 송응순 등의 차자,https://sillok.history.go.kr/id/kob_10002003_002,1
5278,광해군정초본,광해군정초본: 유자신·최천건·유영근 등에게 관직을 제수하다,https://sillok.history.go.kr/id/kob_10002003_003,1
4815,광해군정초본,광해군정초본: 예조 판서 권협을 체차시켜야 한다는 송응순·김대래 등의 차자,https://sillok.history.go.kr/id/kob_10002004_001,1
5279,광해군정초본,광해군정초본: 정창연에게 관직을 제수하다,https://sillok.history.go.kr/id/kob_10002004_002,1
5280,광해군정초본,광해군정초본: 대신이 양전에게 죽을 진어하라고 권하다,https://sillok.history.go.kr/id/kob_10002004_004,1
5519,광해군정초본,광해군정초본: 지평 정광성이 염빈하는 예에 대하여 아뢰다,https://sillok.history.go.kr/id/kob_10002005_001,1
5515,광해군정초본,광해군정초본: 예조에서 염빈하는 곳에 외신들이 입시하는 것에 대하여 아뢰다,https://sillok.history.go.kr/id/kob_10002005_002,1
4822,광해군정초본,광해군정초본: 대사헌 최천건·대사간 이효원 등이 총호사와 예관도 입시하게 해달라고 청하다,https://sillok.history.go.kr/id/kob_10002005_003,1
5517,광해군정초본,광해군정초본: 양사와 옥당이 대신·도감 당상도 입시하게 하자고 아뢰다,https://sillok.history.go.kr/id/kob_10002005_004,1
4821,광해군정초본,광해군정초본: 정원이 총호사·빈전 도감 당상과 예관으로 하여금 직접 집사하게 하라고 아뢰다,https://sillok.history.go.kr/id/kob_10002005_005,1
5281,광해군정초본,광해군정초본: 관의 덮개를 덮다,https://sillok.history.go.kr/id/kob_10002005_006,1
5282,광해군정초본,광해군정초본: 신시에 대렴을 하고 전을 올리다,https://sillok.history.go.kr/id/kob_10002005_007,1
5283,광해군정초본,광해군정초본: 유시에 성빈하고 전을 실행하다,https://sillok.history.go.kr/id/kob_10002005_008,1
5284,광해군정초본,광해군정초본: 여차에 있다,https://sillok.history.go.kr/id/kob_10002006_001,1
4819,광해군정초본,광해군정초본: 원상은 조종조의 고사에 의거하여 원임 대신도 아울러 차임하라고 전교하다,https://sillok.history.go.kr/id/kob_10002006_002,1
5285,광해군정초본,광해군정초본: 내중문을 열고 입시하는 예를 이루게 할 것을 허락하다,https://sillok.history.go.kr/id/kob_10002006_003,1
5286,광해군정초본,광해군정초본: 상복의 요대가 옳지 않다고 전교하다,https://sillok.history.go.kr/id/kob_10002006_004,1
5287,광해군정초본,광해군정초본: 선왕의 존호에 대하여 옥당에서 차자를 올리다,https://sillok.history.go.kr/id/kob_10002006_006,1
5288,광해군정초본,광해군정초본: 부제학 송응순 등이 대죄하겠다고 아뢰다,https://sillok.history.go.kr/id/kob_10002006_007,1
5289,광해군정초본,광해군정초본: 이호민·오억령·이호의 등에게 관직을 제수하다,https://sillok.history.go.kr/id/kob_10002006_008,1
5290,광해군정초본,광해군정초본: 승지와 사관이 모두 물러나 본원에 가 있다,https://sillok.history.go.kr/id/kob_10002006_009,1
5291,광해군정초본,"광해군정초본: 대신들이 선왕의 행장·자·휘, 원자의 이름을 문서에 기록하는 일을 아뢰다",https://sillok.history.go.kr/id/kob_10002007_002,1
5292,광해군정초본,광해군정초본: 대비전이 선왕의 원릉을 정한 곳에 자신의 장지를 정하라고 하다,https://sillok.history.go.kr/id/kob_10002007_003,1
5293,광해군정초본,광해군정초본: 유영경이 소장을 올려 사직하였으나 허락하지 않다,https://sillok.history.go.kr/id/kob_10002007_004,1
5294,광해군정초본,광해군정초본: 이조에서 유자신과 김제남의 관작에 대하여 아뢰다,https://sillok.history.go.kr/id/kob_10002007_006,1
5295,광해군정초본,광해군정초본: 대사간 이효원과 정언 이사경이 체직시켜 줄 것을 청하다,https://sillok.history.go.kr/id/kob_10002007_007,1
5296,광해군정초본,광해군정초본: 대신이 대행 대왕의 묘호를 조라고 일컫는 것이 옳다고 아뢰다,https://sillok.history.go.kr/id/kob_10002008_001,1
5297,광해군정초본,광해군정초본: 송종하는 예를 극진히 하라고 빈청에 전교하다,https://sillok.history.go.kr/id/kob_10002008_002,1
5298,광해군정초본,광해군정초본: 박이장·박이서·박건·윤호선·임장에게 관직을 제수하다,https://sillok.history.go.kr/id/kob_10002008_004,1
5299,광해군정초본,광해군정초본: 총호사 허욱 등이 건원릉의 지리에 대하여 아뢰다,https://sillok.history.go.kr/id/kob_10002009_001,1
5300,광해군정초본,광해군정초본: 예조에서 초상에서부터 27일이 지난 후에 형벌을 행해야 한다고 아뢰다,https://sillok.history.go.kr/id/kob_10002009_002,1
5301,광해군정초본,광해군정초본: 경상도 유생 강인 등이 정인홍의 무고함을 아뢰는 소장을 올리다,https://sillok.history.go.kr/id/kob_10002009_003,1
5302,광해군정초본,광해군정초본: 영의정 유영경이 정사하였으나 윤허하지 않다,https://sillok.history.go.kr/id/kob_10002010_002,1
5303,광해군정초본,광해군정초본: 정원과 옥당이 찬선을 진어할 것을 계청하다,https://sillok.history.go.kr/id/kob_10002010_003,1
5304,광해군정초본,광해군정초본: 예조에서 이번 승습 때에 방물을 마련하지 않는 것이 옳다고 아뢰다,https://sillok.history.go.kr/id/kob_10002010_004,1
5305,광해군정초본,광해군정초본: 김신원·정창연·윤양·민덕남 등에게 관직을 제수하다,https://sillok.history.go.kr/id/kob_10002011_001,1
5306,광해군정초본,광해군정초본: 호위하는 무사들의 거처에 대하여 전교하다,https://sillok.history.go.kr/id/kob_10002011_002,1
5307,광해군정초본,광해군정초본: 예조에서 홍여순 차자의 내용에 대하여 아뢰다,https://sillok.history.go.kr/id/kob_10002011_003,1
5308,광해군정초본,광해군정초본: 고부 이호민 등이 준봉을 청할 때 방물을 써야 한다는 것 등에 대하여 아뢰다,https://sillok.history.go.kr/id/kob_10002011_004,1
5309,광해군정초본,광해군정초본: 예조에서 의정부의 신정 방물도 마련하는 것이 좋겠다고 아뢰다,https://sillok.history.go.kr/id/kob_10002011_006,1
5310,광해군정초본,광해군정초본: 병조에서 궁성 호위를 파거해야 한다고 아뢰다,https://sillok.history.go.kr/id/kob_10002011_007,1
5311,광해군정초본,광해군정초본: 정언 이사경이 병조 판서 노직과 직제학 김대래를 파직해야 한다고 아뢰다,https://sillok.history.go.kr/id/kob_10002011_008,1
5312,광해군정초본,광해군정초본: 정언 이사경이 색승지와 내관 민희건·영의정 유영경을 파직해야 한다고 아뢰다,https://sillok.history.go.kr/id/kob_10002012_001,1
5313,광해군정초본,광해군정초본: 완산군 이축이 유영경의 죄에 대한 소장을 올렸으나 윤허하지 않다,https://sillok.history.go.kr/id/kob_10002012_002,1
5314,광해군정초본,광해군정초본: 이축이 유영경의 죄에 대하여 올린 소장의 내용,https://sillok.history.go.kr/id/kob_10002012_003,1
5315,광해군정초본,광해군정초본: 홍문관에서 대행 대왕의 묘호에 대하여 아뢰다,https://sillok.history.go.kr/id/kob_10002013_001,1
5316,광해군정초본,광해군정초본: 영의정 유영경을 삭직시켜야 한다는 홍문관 부제학 송응순 등의 차자,https://sillok.history.go.kr/id/kob_10002013_003,1
5341,광해군정초본,광해군정초본: 함흥 판관 이귀의 새로운 정치에 힘써야 할 네 가지 일에 대한 상소문,https://sillok.history.go.kr/id/kob_10002013_004,1
5344,광해군정초본,광해군정초본: 정언 임장이 색승지를 파직시키고 동참한 승지를 추고하는 일에 대하여 계청하다,https://sillok.history.go.kr/id/kob_10002013_006,1
5346,광해군정초본,광해군정초본: 대행왕의 조호에 관한 비망기를 내리다,https://sillok.history.go.kr/id/kob_10002014_001,1
5348,광해군정초본,광해군정초본: 선왕의 능을 어디에 쓸 것인가에 대하여 이항복·기자헌 등과 의논하다,https://sillok.history.go.kr/id/kob_10002014_002,1
5350,광해군정초본,"광해군정초본: 장령 박건, 지평 정광성 등을 출사하게 해야 한다는 부제학 송응순 등의 차자",https://sillok.history.go.kr/id/kob_10002014_003,1
5352,광해군정초본,광해군정초본: 양사가 합계하여 유영경·김대래 등의 삭직을 청하다,https://sillok.history.go.kr/id/kob_10002014_005,1
5353,광해군정초본,광해군정초본: 사간원이 내관 민희건을 유찬시킬 것을 아뢰었으나 허락하지 않다,https://sillok.history.go.kr/id/kob_10002014_006,1
5354,광해군정초본,광해군정초본: 옥당이 유영경의 삭출을 청하였으나 윤허하지 않다,https://sillok.history.go.kr/id/kob_10002014_007,1
5355,광해군정초본,광해군정초본: 장령 윤양과 지평 민덕남 등이 임해군 이진을 유배해야 한다고 아뢰다,https://sillok.history.go.kr/id/kob_10002014_008,1
5356,광해군정초본,광해군정초본: 임해군 이진을 선처할 수 있는 방법을 강구하라고 정원에 전교하다,https://sillok.history.go.kr/id/kob_10002014_010,1
5357,광해군정초본,광해군정초본: 임해군 이진의 집을 엄히 지키고 출입하는 사람을 금하게 하다,https://sillok.history.go.kr/id/kob_10002014_011,1
5358,광해군정초본,광해군정초본: 무장 고언백·박명현 등이 이심을 품고 있다고 지평 민덕남 등이 아뢰다,https://sillok.history.go.kr/id/kob_10002014_012,1
5359,광해군정초본,광해군정초본: 임해군이 집을 나가다 발각되자 비변사에 가두다,https://sillok.history.go.kr/id/kob_10002014_014,1
5360,광해군정초본,광해군정초본: 임해군의 집을 엄중히 포위해야 한다고 병조에서 아뢰다,https://sillok.history.go.kr/id/kob_10002014_015,1
5361,광해군정초본,광해군정초본: 장령 윤양 등이 임해군의 일에 대해 속히 결단을 내려야 한다고 아뢰다,https://sillok.history.go.kr/id/kob_10002014_016,1
5362,광해군정초본,광해군정초본: 임해군을 도성 밖의 집에 가두고 엄히 지키도록 하다,https://sillok.history.go.kr/id/kob_10002014_017,1
5363,광해군정초본,광해군정초본: 홍문관에서 양사의 논계를 따를 것에 대한 차자를 올리자 이에 따르다,https://sillok.history.go.kr/id/kob_10002014_019,1
5364,광해군정초본,광해군정초본: 정원에서 임해군을 무사로 하여금 압송하는 것이 타당하다고 아뢰다,https://sillok.history.go.kr/id/kob_10002014_021,1
5365,광해군정초본,광해군정초본: 임해군의 병을 의관으로 하여금 치료하게 하다,https://sillok.history.go.kr/id/kob_10002014_022,1
5366,광해군정초본,"광해군정초본: 정언 이사경이 장령 윤양, 지평 민덕남 등을 출사시켜야 한다고 아뢰다",https://sillok.history.go.kr/id/kob_10002015_002,1
5367,광해군정초본,"광해군정초본: 장령 윤양, 헌납 윤효선 등이 합사하여 유영경·이효원 등을 삭출하라고 청하다",https://sillok.history.go.kr/id/kob_10002015_003,1
5368,광해군정초본,광해군정초본: 지평 정광성 등이 민희건은 유찬시키고 이덕온은 파직할 것을 청하다,https://sillok.history.go.kr/id/kob_10002015_005,1
5369,광해군정초본,광해군정초본: 임해군이 배소로 갈 때 각도의 감사들에게 부족한 것이 없도록 하라고 전교하다,https://sillok.history.go.kr/id/kob_10002015_006,1
5370,광해군정초본,광해군정초본: 의금부에서 임해군을 정배하는 일에 대해서 아뢰다,https://sillok.history.go.kr/id/kob_10002015_007,1
5371,광해군정초본,광해군정초본: 영의정 이원익이 사직하는 차자를 올렸으나 윤허하지 않다,https://sillok.history.go.kr/id/kob_10002015_010,1
5372,광해군정초본,광해군정초본: 사간원에서 정인홍·이경전 등의 일과 임해군의 일에 대하여 아뢰다,https://sillok.history.go.kr/id/kob_10002016_002,1
5373,광해군정초본,광해군정초본: 임해군에 관한 일을 대신들이 의논하라고 정원에 전교하다,https://sillok.history.go.kr/id/kob_10002016_005,1
5374,광해군정초본,광해군정초본: 영의정 이원익이 정국을 삼사나 외처에 모여 하는 것이 의당하다고 아뢰다,https://sillok.history.go.kr/id/kob_10002016_006,1
5375,광해군정초본,광해군정초본: 장령 윤양과 지평 민덕남이 파직을 청하였으나 윤허하지 않다,https://sillok.history.go.kr/id/kob_10002017_001,1
5342,광해군정초본,광해군정초본: 빈청에서 대신들이 임해군의 유배지에 관하여 의논하여 아뢰다,https://sillok.history.go.kr/id/kob_10002017_003,1
5343,광해군정초본,광해군정초본: 임해군에 관한 사건을 추국하라고 국청에 전교하다,https://sillok.history.go.kr/id/kob_10002017_004,1
5345,광해군정초본,광해군정초본: 양사가 합계하여 유영경·홍식·송보의 삭탈 관작과 문외 출송을 청하다,https://sillok.history.go.kr/id/kob_10002017_005,1
5347,광해군정초본,광해군정초본: 사간 박이서가 윤효선·이사경·임장 등의 처신에 관하여 아뢰다,https://sillok.history.go.kr/id/kob_10002017_006,1
5349,광해군정초본,광해군정초본: 옥당이 유영경을 삭출시킬 것을 청하였으나 윤허하지 않다,https://sillok.history.go.kr/id/kob_10002017_008,1
5351,광해군정초본,광해군정초본: 추국청에서 고언백·박명현 등을 추국하는 일에 대하여 아뢰다,https://sillok.history.go.kr/id/kob_10002017_009,1
5531,광해군중초본,광해군중초본: 선조가 정릉동 행궁에 있다,https://sillok.history.go.kr/id/koa_10002001_001,1
4833,광해군중초본,광해군중초본: 김대래·목장흠·최유원·황경중·기협 등에게 관직을 제수하다,https://sillok.history.go.kr/id/koa_10002001_002,1
5541,광해군중초본,광해군중초본: 병조가 참하관을 평안 평사로 삼을 것을 청하였으나 불허하다,https://sillok.history.go.kr/id/koa_10002001_003,1
5550,광해군중초본,광해군중초본: 지평 신광립이 이정원 등의 죄를 청하다,https://sillok.history.go.kr/id/koa_10002001_004,1
5552,광해군중초본,광해군중초본: 선조가 갑자기 기가 막히는 병이 발생하여 위급해지다,https://sillok.history.go.kr/id/koa_10002001_005,1
5528,광해군중초본,광해군중초본: 왕세자가 입시하다,https://sillok.history.go.kr/id/koa_10002001_006,1
5551,광해군중초본,광해군중초본: 승지들이 도착하다,https://sillok.history.go.kr/id/koa_10002001_007,1
5549,광해군중초본,"광해군중초본: 좌우 의정, 부원군, 부사들이 도착하다",https://sillok.history.go.kr/id/koa_10002001_008,1
5557,광해군중초본,광해군중초본: 약방에서 약을 올리다,https://sillok.history.go.kr/id/koa_10002001_009,1
5556,광해군중초본,광해군중초본: 영의정 유영경이 들어오다,https://sillok.history.go.kr/id/koa_10002001_010,1
5545,광해군중초본,광해군중초본: 대내에서 대신과 원임 대신을 들어오도록 하다,https://sillok.history.go.kr/id/koa_10002001_012,1
5540,광해군중초본,광해군중초본: 내외로 하여금 안정된 자세로 기다리게 하라고 대신들이 청하다,https://sillok.history.go.kr/id/koa_10002001_013,1
5532,광해군중초본,광해군중초본: 대신이 어의를 데리고 들어갔다가 상의 기후가 어쩔 수 없음을 알고 울면서 나오다,https://sillok.history.go.kr/id/koa_10002001_014,1
5525,광해군중초본,광해군중초본: 대내에서 유교를 유시하다,https://sillok.history.go.kr/id/koa_10002001_017,1
5544,광해군중초본,광해군중초본: 동궁이 선조가 승하하셨다고 대신들에게 하령하다,https://sillok.history.go.kr/id/koa_10002001_018,1
5526,광해군중초본,광해군중초본: 어보와 계자를 받다,https://sillok.history.go.kr/id/koa_10002001_019,1
5529,광해군중초본,광해군중초본: 허욱·최언준·구의강 등에게 관직을 제수하다,https://sillok.history.go.kr/id/koa_10002001_020,1
5543,광해군중초본,광해군중초본: 대신이 어보와 계자를 전부하는 일 때문에 회달하다,https://sillok.history.go.kr/id/koa_10002001_021,1
4827,광해군중초본,광해군중초본: 내전에서 해사가 어려우므로 억지로 옷감을 들여올 필요가 없다고 하교하다,https://sillok.history.go.kr/id/koa_10002001_022,1
5547,광해군중초본,광해군중초본: 양사에서 어의를 추국하여야 한다고 아뢰다,https://sillok.history.go.kr/id/koa_10002001_023,1
4832,광해군중초본,광해군중초본: 옥당에서 구의강을 수릉관으로 삼은 것은 옳지 않다고 아뢰다,https://sillok.history.go.kr/id/koa_10002001_024,1
4836,광해군중초본,광해군중초본: 이조에서 구의강을 수릉관으로 삼은 이유에 대하여 아뢰다,https://sillok.history.go.kr/id/koa_10002001_025,1
5555,광해군중초본,광해군중초본: 금계군 박동량이 수릉관으로 들어오다,https://sillok.history.go.kr/id/koa_10002001_026,1
5527,광해군중초본,광해군중초본: 왕세자가 상차에 있다,https://sillok.history.go.kr/id/koa_10002002_001,1
4831,광해군중초본,광해군중초본: 이원익·이덕형 등이 왕위를 물려받는 절차를 행해야 한다고 하다,https://sillok.history.go.kr/id/koa_10002002_002,1
5548,광해군중초본,광해군중초본: 대신들이 사위하는 절차에 대하여 아뢰다,https://sillok.history.go.kr/id/koa_10002002_003,1
5533,광해군중초본,광해군중초본: 대신들이 속히 대례를 행하자고 아뢰다,https://sillok.history.go.kr/id/koa_10002002_004,1
5538,광해군중초본,광해군중초본: 대신들이 왕위를 비워둘 수 없다고 속히 대례를 행해야 한다고 아뢰다,https://sillok.history.go.kr/id/koa_10002002_005,1
4837,광해군중초본,광해군중초본: 유영경·한응인·박동량 등에게 유교를 내리다,https://sillok.history.go.kr/id/koa_10002002_007,1
4829,광해군중초본,광해군중초본: 예조에서 중전·세자비·원자의 휘호를 올리는 것에 대하여 아뢰다,https://sillok.history.go.kr/id/koa_10002002_008,1
5537,광해군중초본,광해군중초본: 대신들이 여러번 청하여 정릉동 행궁의 서청에서 즉위하고 하례를 받다,https://sillok.history.go.kr/id/koa_10002002_009,1
4828,광해군중초본,광해군중초본: 광해군이 선왕의 유교를 받고 어좌에 오르다,https://sillok.history.go.kr/id/koa_10002002_010,1
5535,광해군중초본,광해군중초본: 대궐 문과 담장 밖에 잡인들이 접근하지 못하도록 호위하라고 병조에 전교하다,https://sillok.history.go.kr/id/koa_10002003_001,1
4834,광해군중초본,광해군중초본: 유자신·최천건·유영근 등에게 관직을 제수하다,https://sillok.history.go.kr/id/koa_10002003_002,1
5536,광해군중초본,광해군중초본: 사헌부의 대신들을 체차하여야 한다는 홍문관 부제학 송응순 등의 차자,https://sillok.history.go.kr/id/koa_10002003_003,1
4830,광해군중초본,광해군중초본: 예조 판서 권협을 체차시켜야 한다는 송응순·김대래 등의 차자,https://sillok.history.go.kr/id/koa_10002004_001,1
5530,광해군중초본,광해군중초본: 정창연에게 관직을 제수하다,https://sillok.history.go.kr/id/koa_10002004_002,1
5553,광해군중초본,광해군중초본: 승지·사관이 모두 차비문 안에서 숙직하다,https://sillok.history.go.kr/id/koa_10002004_003,1
5554,광해군중초본,광해군중초본: 대신이 양전에게 죽을 진어하라고 권하다,https://sillok.history.go.kr/id/koa_10002004_004,1
5546,광해군중초본,광해군중초본: 지평 정광성이 염빈하는 예에 대하여 아뢰다,https://sillok.history.go.kr/id/koa_10002005_001,1
5539,광해군중초본,광해군중초본: 예조에서 염빈하는 곳에 외신들이 입시하는 것에 대하여 아뢰다,https://sillok.history.go.kr/id/koa_10002005_002,1
4839,광해군중초본,광해군중초본: 대사헌 최천건·대사간 이효원 등이 총호사와 예관도 입시하게 해달라고 청하다,https://sillok.history.go.kr/id/koa_10002005_003,1
5542,광해군중초본,광해군중초본: 양사와 옥당이 대신·도감 당상도 입시하게 하자고 아뢰다,https://sillok.history.go.kr/id/koa_10002005_004,1
4838,광해군중초본,광해군중초본: 정원이 총호사·빈전 도감 당상과 예관으로 하여금 직접 집사하게 하라고 아뢰다,https://sillok.history.go.kr/id/koa_10002005_005,1
5534,광해군중초본,광해군중초본: 관의 덮개를 덮다,https://sillok.history.go.kr/id/koa_10002005_006,1
4835,광해군중초본,광해군중초본: 신시에 대렴을 하고 전을 올리다,https://sillok.history.go.kr/id/koa_10002005_007,1
6559,광해군중초본,광해군중초본: 상복의 요대가 옳지 않다고 전교하다,https://sillok.history.go.kr/id/koa_10002006_004,1
6560,광해군중초본,광해군중초본: 선왕의 존호에 대하여 옥당에서 차자를 올리다,https://sillok.history.go.kr/id/koa_10002006_006,1
6561,광해군중초본,"광해군중초본: 대신들이 선왕의 행장·자·휘, 원자의 이름을 문서에 기록하는 일을 아뢰다",https://sillok.history.go.kr/id/koa_10002007_002,1
6562,광해군중초본,광해군중초본: 예조에서 대행 대왕의 존호를 예문에 쓰는 것이 온당하다고 아뢰다,https://sillok.history.go.kr/id/koa_10002007_005,1
6563,광해군중초본,광해군중초본: 이조에서 유자신과 김제남의 관작에 대하여 아뢰다,https://sillok.history.go.kr/id/koa_10002007_006,1
6564,광해군중초본,광해군중초본: 송종하는 예를 극진히 하라고 빈청에 전교하다,https://sillok.history.go.kr/id/koa_10002008_002,1
6565,광해군중초본,광해군중초본: 대신들에게 정성을 다하여 보좌해 달라고 빈청에 비망기를 내리다,https://sillok.history.go.kr/id/koa_10002008_003,1
6566,광해군중초본,광해군중초본: 총호사 허욱 등이 건원릉의 지리에 대하여 아뢰다,https://sillok.history.go.kr/id/koa_10002009_001,1
6567,광해군중초본,광해군중초본: 경상도 유생 강인 등이 정인홍의 무고함을 아뢰는 소장을 올리다,https://sillok.history.go.kr/id/koa_10002009_003,1
6568,광해군중초본,광해군중초본: 정언 이사경이 대행 대왕의 호를 조라 하는 것은 다시 의논해야 한다고 아뢰다,https://sillok.history.go.kr/id/koa_10002010_001,1
6569,광해군중초본,광해군중초본: 예조에서 이번 승습 때에 방물을 마련하지 않는 것이 옳다고 아뢰다,https://sillok.history.go.kr/id/koa_10002010_004,1
6570,광해군중초본,광해군중초본: 승습을 청하는 일을 극진하게 해야 된다는 형조 판서 홍여순의 차자,https://sillok.history.go.kr/id/koa_10002010_005,1
6571,광해군중초본,광해군중초본: 호위하는 무사들의 거처에 대하여 전교하다,https://sillok.history.go.kr/id/koa_10002011_002,1
6572,광해군중초본,광해군중초본: 고부 이호민 등이 준봉을 청할 때 방물을 써야 한다는 것 등에 대하여 아뢰다,https://sillok.history.go.kr/id/koa_10002011_004,1
6573,광해군중초본,광해군중초본: 예조에서 어보에 대하여 아뢰다,https://sillok.history.go.kr/id/koa_10002011_005,1
6574,광해군중초본,광해군중초본: 예조에서 의정부의 신정 방물도 마련하는 것이 좋겠다고 아뢰다,https://sillok.history.go.kr/id/koa_10002011_006,1
6575,광해군중초본,광해군중초본: 병조에서 궁성 호위를 파거해야 한다고 아뢰다,https://sillok.history.go.kr/id/koa_10002011_007,1
6576,광해군중초본,광해군중초본: 지평 정광성이 김대래를 파직해야 한다고 아뢰다,https://sillok.history.go.kr/id/koa_10002011_009,1
6577,광해군중초본,광해군중초본: 정언 이사경이 색승지와 내관 민희건·영의정 유영경을 파직해야 한다고 아뢰다,https://sillok.history.go.kr/id/koa_10002012_001,1
6578,광해군중초본,광해군중초본: 완산군 이축이 유영경의 죄에 대한 소장을 올렸으나 윤허하지 않다,https://sillok.history.go.kr/id/koa_10002012_002,1
6579,광해군중초본,광해군중초본: 이축이 유영경의 죄에 대하여 올린 소장의 내용,https://sillok.history.go.kr/id/koa_10002012_003,1
6580,광해군중초본,광해군중초본: 행 대사헌 김신원 등이 영의정 유영경과 그 심복들을 파직시키라고 합계하다,https://sillok.history.go.kr/id/koa_10002013_002,1
6581,광해군중초본,광해군중초본: 영의정 유영경을 삭직시켜야 한다는 홍문관 부제학 송응순 등의 차자,https://sillok.history.go.kr/id/koa_10002013_003,1
6582,광해군중초본,광해군중초본: 함흥 판관 이귀의 새로운 정치에 힘써야 할 네 가지 일에 대한 상소문,https://sillok.history.go.kr/id/koa_10002013_004,1
6583,광해군중초본,광해군중초본: 장령 박건과 지평 정광성이 파직을 청하다,https://sillok.history.go.kr/id/koa_10002013_007,1
6584,광해군중초본,광해군중초본: 대행왕의 조호에 관한 비망기를 내리다,https://sillok.history.go.kr/id/koa_10002014_001,1
6585,광해군중초본,광해군중초본: 선왕의 능을 어디에 쓸 것인가에 대하여 이항복·기자헌 등과 의논하다,https://sillok.history.go.kr/id/koa_10002014_002,1
6586,광해군중초본,"광해군중초본: 장령 박건, 지평 정광성 등을 출사하게 해야 한다는 부제학 송응순 등의 차자",https://sillok.history.go.kr/id/koa_10002014_003,1
6587,광해군중초본,광해군중초본: 양사가 합계하여 유영경·김대래 등의 삭직을 청하다,https://sillok.history.go.kr/id/koa_10002014_005,1
6588,광해군중초본,광해군중초본: 사간원이 내관 민희건을 유찬시킬 것을 아뢰었으나 허락하지 않다,https://sillok.history.go.kr/id/koa_10002014_006,1
6589,광해군중초본,광해군중초본: 옥당이 유영경의 삭출을 청하였으나 윤허하지 않다,https://sillok.history.go.kr/id/koa_10002014_007,1
6590,광해군중초본,광해군중초본: 이진이 사병을 양성하니 절도로 유배해야 한다는 부제학 송응순 등의 차자,https://sillok.history.go.kr/id/koa_10002014_009,1
6591,광해군중초본,광해군중초본: 임해군 이진을 선처할 수 있는 방법을 강구하라고 정원에 전교하다,https://sillok.history.go.kr/id/koa_10002014_010,1
6592,광해군중초본,광해군중초본: 임해군 이진의 집을 엄히 지키고 출입하는 사람을 금하게 하다,https://sillok.history.go.kr/id/koa_10002014_011,1
6593,광해군중초본,광해군중초본: 무장 고언백·박명현 등이 이심을 품고 있다고 지평 민덕남 등이 아뢰다,https://sillok.history.go.kr/id/koa_10002014_012,1
6594,광해군중초본,광해군중초본: 임해군이 집을 나가다 발각되자 비변사에 가두다,https://sillok.history.go.kr/id/koa_10002014_014,1
6595,광해군중초본,광해군중초본: 임해군의 집을 엄중히 포위해야 한다고 병조에서 아뢰다,https://sillok.history.go.kr/id/koa_10002014_015,1
6596,광해군중초본,광해군중초본: 장령 윤양 등이 임해군의 일에 대해 속히 결단을 내려야 한다고 아뢰다,https://sillok.history.go.kr/id/koa_10002014_016,1
6597,광해군중초본,광해군중초본: 임해군을 도성 밖의 집에 가두고 엄히 지키도록 하다,https://sillok.history.go.kr/id/koa_10002014_017,1
6598,광해군중초본,광해군중초본: 홍문관에서 양사의 논계를 따를 것에 대한 차자를 올리자 이에 따르다,https://sillok.history.go.kr/id/koa_10002014_019,1
6599,광해군중초본,광해군중초본: 임해군을 진도에 안치하다,https://sillok.history.go.kr/id/koa_10002014_020,1
6600,광해군중초본,광해군중초본: 정원에서 임해군을 무사로 하여금 압송하는 것이 타당하다고 아뢰다,https://sillok.history.go.kr/id/koa_10002014_022,1
6601,광해군중초본,"광해군중초본: 정언 이사경이 장령 윤양, 지평 민덕남 등을 출사시켜야 한다고 아뢰다",https://sillok.history.go.kr/id/koa_10002015_002,1
6602,광해군중초본,"광해군중초본: 장령 윤양, 헌납 윤효선 등이 합사하여 유영경·이효원 등을 삭출하라고 청하다",https://sillok.history.go.kr/id/koa_10002015_003,1
6603,광해군중초본,광해군중초본: 지평 정광성 등이 민희건은 유찬시키고 이덕온은 파직할 것을 청하다,https://sillok.history.go.kr/id/koa_10002015_005,1
6604,광해군중초본,광해군중초본: 임해군이 배소로 갈 때 각도의 감사들에게 부족한 것이 없도록 하라고 전교하다,https://sillok.history.go.kr/id/koa_10002015_006,1
6605,광해군중초본,광해군중초본: 의금부에서 임해군을 정배하는 일에 대해서 아뢰다,https://sillok.history.go.kr/id/koa_10002015_007,1
6606,광해군중초본,광해군중초본: 영의정 이원익이 사직하는 차자를 올렸으나 윤허하지 않다,https://sillok.history.go.kr/id/koa_10002015_010,1
6607,광해군중초본,광해군중초본: 지평 정광성이 민희건을 유찬해야 한다고 하였으나 윤허하지 않다,https://sillok.history.go.kr/id/koa_10002016_004,1
6608,광해군중초본,광해군중초본: 임해군에 관한 일을 대신들이 의논하라고 정원에 전교하다,https://sillok.history.go.kr/id/koa_10002016_006,1
6609,광해군중초본,광해군중초본: 영의정 이원익이 정국을 삼사나 외처에 모여 하는 것이 의당하다고 아뢰다,https://sillok.history.go.kr/id/koa_10002016_007,1
6610,광해군중초본,광해군중초본: 장령 윤양과 지평 민덕남이 파직을 청하였으나 윤허하지 않다,https://sillok.history.go.kr/id/koa_10002017_002,1
6611,광해군중초본,"광해군중초본: 헌납 윤효선, 정언 이사경·임장이 파직을 청하였으나 윤허하지 않다",https://sillok.history.go.kr/id/koa_10002017_003,1
6612,광해군중초본,광해군중초본: 빈청에서 대신들이 임해군의 유배지에 관하여 의논하여 아뢰다,https://sillok.history.go.kr/id/koa_10002017_004,1
4894,선조수정실록,선조수정실록: 상이 즉위하고 모든 것을 법제에 따르다,https://sillok.history.go.kr/id/knb_10007003_001,1
4891,선조수정실록,선조수정실록: 허국과 위시량이 등극 조서를 반포하기 위하여 도성에 들어오다,https://sillok.history.go.kr/id/knb_10007017_001,1
5673,선조수정실록,선조수정실록: 예조에 명하여 두 사신에게 선정신 10여 명의 성명을 적어 보이게 하다,https://sillok.history.go.kr/id/knb_10007017_002,1
5687,선조수정실록,선조수정실록: 대행왕의 묘호를 명종으로 하다,https://sillok.history.go.kr/id/knb_10007017_003,1
4887,선조수정실록,선조수정실록: 중국에 시호를 청하기 위하여 청을 개설하고 행장을 짓게 하다,https://sillok.history.go.kr/id/knb_10007017_004,1
5683,선조수정실록,선조수정실록: 이황을 예조 판서 지경연춘추관사로 삼다,https://sillok.history.go.kr/id/knb_10007017_005,1
5681,선조수정실록,선조수정실록: 예조 판서 이황이 벼슬을 그만두고 고향으로 돌아가다,https://sillok.history.go.kr/id/knb_10008001_001,1
4895,선조수정실록,선조수정실록: 전 의정 심통원의 관직을 삭탈하고 전리에 방귀하다,https://sillok.history.go.kr/id/knb_10009001_001,1
5669,선조수정실록,선조수정실록: 강릉의 장례를 치르다,https://sillok.history.go.kr/id/knb_10009022_001,1
4888,선조수정실록,선조수정실록: 명종의 졸곡례가 끝난 후 백립으로 상기를 마치는 제도를 시행할 것을 명하다,https://sillok.history.go.kr/id/knb_10010005_001,1
5691,선조수정실록,선조수정실록: 정철을 홍문관 부수찬으로 삼다,https://sillok.history.go.kr/id/knb_10010005_002,1
4899,선조수정실록,선조수정실록: 대비가 어진 선비와 무고하게 죄를 당한 자들을 풀어 주고 서용할 것을 하교하다,https://sillok.history.go.kr/id/knb_10010005_003,1
5665,선조수정실록,선조수정실록: 송인수에 대한 인물평,https://sillok.history.go.kr/id/knb_10010005_004,1
4898,선조수정실록,선조수정실록: 노수신·유희춘·김난상 등의 복관을 명하다,https://sillok.history.go.kr/id/knb_10010005_005,1
4893,선조수정실록,선조수정실록: 구제에 따라 다시 상선을 회복할 것을 윤허하다,https://sillok.history.go.kr/id/knb_10010005_006,1
5666,선조수정실록,선조수정실록: 이황에게 유지를 내려 독촉하였으나 사직 상소를 올리다,https://sillok.history.go.kr/id/knb_10010005_007,1
4889,선조수정실록,선조수정실록: 기대승이 선비 등용시 우선 시비가 분명하도록 해야 할 것에 관해 아뢰다,https://sillok.history.go.kr/id/knb_10010005_008,1
4886,선조수정실록,선조수정실록: 경연에 나아가 《예기》를 강하다. 기대승이 예의 중요성을 아뢰다,https://sillok.history.go.kr/id/knb_10010005_009,1
5667,선조수정실록,선조수정실록: 윤춘년의 졸기,https://sillok.history.go.kr/id/knb_10010005_010,1
5685,선조수정실록,선조수정실록: 심전이 죄가 있어 관작이 삭탈되다,https://sillok.history.go.kr/id/knb_10010005_011,1
5662,선조수정실록,선조수정실록: 김명윤이 죄가 있어 관작이 삭탈되다,https://sillok.history.go.kr/id/knb_10010005_013,1
5678,선조수정실록,선조수정실록: 허엽이 이황에게 경건한 경의를 표하고 예를 다할 것 등을 아뢰다,https://sillok.history.go.kr/id/knb_10010005_014,1
5671,선조수정실록,선조수정실록: 경연에 나아가 《대학》을 강하다,https://sillok.history.go.kr/id/knb_10010005_016,1
4885,선조수정실록,선조수정실록: 기대승이 기유년 옥사가 억울하고 범람하였던 것에 관해 극언하다,https://sillok.history.go.kr/id/knb_10010005_017,1
5677,선조수정실록,선조수정실록: 기대승의 말에 따라 이황 등에게 하유하여 따뜻한 날에 올라오도록 하다,https://sillok.history.go.kr/id/knb_10010005_018,1
5680,선조수정실록,선조수정실록: 조식이 완급과 허실을 분간하여 조치를 취할 것을 아뢰다,https://sillok.history.go.kr/id/knb_10010005_019,1
5688,선조수정실록,선조수정실록: 신응시를 홍문관 교리로 삼다,https://sillok.history.go.kr/id/knb_10010005_020,1
5682,선조수정실록,"선조수정실록: 윤근수를 부응교로, 정철을 홍문관 부수찬으로 삼다",https://sillok.history.go.kr/id/knb_10010005_021,1
5668,선조수정실록,선조수정실록: 노진을 전주 부윤으로 삼다,https://sillok.history.go.kr/id/knb_10010005_022,1
5661,선조수정실록,"선조수정실록: 이준경이 즉위 초기 임금의 일어 일묵, 일동 일정의 중요성에 관해 아뢰다",https://sillok.history.go.kr/id/knb_10010005_023,1
5670,선조수정실록,선조수정실록: 이황이 상소하여 자핵하고 거듭 치사할 것을 빌다,https://sillok.history.go.kr/id/knb_10101001_001,1
4897,선조수정실록,선조수정실록: 이황을 숭정 대부 우찬성에 특승하였으나 사직 상소를 올리다,https://sillok.history.go.kr/id/knb_10101001_002,1
5674,선조수정실록,선조수정실록: 이탁을 병조 판서로 삼다,https://sillok.history.go.kr/id/knb_10101001_003,1
5676,선조수정실록,선조수정실록: 노수신을 홍문관 직제학 겸 예문관 응교로 삼았으나 간곡히 사면을 빌다,https://sillok.history.go.kr/id/knb_10101001_004,1
4890,선조수정실록,선조수정실록: 대간과 대신들의 언로를 열어줄 것에 관한 기대승의 논의,https://sillok.history.go.kr/id/knb_10101001_005,1
5684,선조수정실록,선조수정실록: 조식이 봉사를 올려 군덕을 개진하다,https://sillok.history.go.kr/id/knb_10101001_006,1
5689,선조수정실록,선조수정실록: 김효원을 정언으로 삼다,https://sillok.history.go.kr/id/knb_10101001_007,1
5690,선조수정실록,선조수정실록: 직제학 기대승을 발탁하여 동부승지로 삼다,https://sillok.history.go.kr/id/knb_10102001_001,1
5686,선조수정실록,선조수정실록: 이조 참의 강사필을 파직시키다,https://sillok.history.go.kr/id/knb_10102001_002,1
5672,선조수정실록,선조수정실록: 우의정 민기의 졸기,https://sillok.history.go.kr/id/knb_10102001_003,1
5664,선조수정실록,선조수정실록: 기대승이 늙고 병든 이는 치사하도록 허락하여도 좋을 것이라 아뢰다,https://sillok.history.go.kr/id/knb_10103001_001,1
5663,선조수정실록,"선조수정실록: 홍담을 병조 판서로, 이탁을 이조 판서로, 정철을 이조 좌랑으로 삼다",https://sillok.history.go.kr/id/knb_10103001_002,1
5679,선조수정실록,선조수정실록: 유일의 선비를 천거하라 명하니 윤현이 성혼을 들어 아뢰다,https://sillok.history.go.kr/id/knb_10103001_003,1
5675,선조수정실록,선조수정실록: 황제가 태감 요신·이경을 보내 고명 등을 내리다,https://sillok.history.go.kr/id/knb_10104001_001,1
4892,선조수정실록,선조수정실록: 경연에 나아가다. 기대승이 국가의 폐단을 차근차근 고쳐나갈 것 등을 아뢰다,https://sillok.history.go.kr/id/knb_10104001_002,1
4896,선조수정실록,선조수정실록: 홍섬을 우의정으로 삼다,https://sillok.history.go.kr/id/knb_10104001_003,1
6667,선조수정실록,선조수정실록: 이황을 판중추부사로 옮겨 제수하고 불렀으나 사양하다,https://sillok.history.go.kr/id/knb_10105001_001,1
6668,선조수정실록,선조수정실록: 이이를 홍문관 교리로 삼다,https://sillok.history.go.kr/id/knb_10105001_005,1
6669,선조수정실록,선조수정실록: 백인걸이 병을 이유로 귀향하다,https://sillok.history.go.kr/id/knb_10107001_004,1
6670,선조수정실록,선조수정실록: 이황으로 하여금 실록청 당상을 겸임케 하다,https://sillok.history.go.kr/id/knb_10108001_008,1
6671,선조수정실록,선조수정실록: 이황이 주강에 입시하여 천변에 대해 진계하다,https://sillok.history.go.kr/id/knb_10110001_001,1
6672,선조수정실록,선조수정실록: 좌우의 추천에 따라 정대년을 호조 판서에 임명하다,https://sillok.history.go.kr/id/knb_10112001_004,1
6673,선조수정실록,선조수정실록: 김계휘를 황해 감사로 삼다,https://sillok.history.go.kr/id/knb_10112001_008,1
6674,선조수정실록,선조수정실록: 판중추부사 이황이 병을 이유로 귀향하다,https://sillok.history.go.kr/id/knb_10203001_001,1
6675,선조수정실록,선조수정실록: 기대승이 풍문의 법에 관해 아뢰다,https://sillok.history.go.kr/id/knb_10206001_001,1
6676,선조수정실록,선조수정실록: 주연에 나아가 윤원형에 관해 논의하다,https://sillok.history.go.kr/id/knb_10206101_001,1
6677,선조수정실록,선조수정실록: 을사년의 사건에 관한 이이와 이준경의 논의,https://sillok.history.go.kr/id/knb_10209001_004,1
6678,선조수정실록,선조수정실록: 성지를 확립하여 실효를 찾을 것 등을 청한 홍문관의 상소를 물리치다,https://sillok.history.go.kr/id/knb_10209001_008,1
6679,선조수정실록,선조수정실록: 이탁을 이조 판서로 삼다,https://sillok.history.go.kr/id/knb_10301001_001,1
6680,선조수정실록,선조수정실록: 좌의정 권철이 백인걸의 말을 잘못 알아듣고 병을 핑계하여 나오지 않다,https://sillok.history.go.kr/id/knb_10303001_001,1
6681,선조수정실록,선조수정실록: 대원의 신설과 위훈을 삭제할 것에 관한 홍문관 등의 간청,https://sillok.history.go.kr/id/knb_10304001_012,1
6682,선조수정실록,선조수정실록: 정사룡의 졸기,https://sillok.history.go.kr/id/knb_10304001_016,1
6683,선조수정실록,선조수정실록: 주청사 김귀영이 연경에서 돌아오다,https://sillok.history.go.kr/id/knb_10307001_003,1
6684,선조수정실록,선조수정실록: 판서 송기수가 억울하게 죽어간 을사인들의 정상을 극언하다,https://sillok.history.go.kr/id/knb_10308001_004,1
6685,선조수정실록,선조수정실록: 대간이 신설과 삭훈에 대하여 정계하다,https://sillok.history.go.kr/id/knb_10311001_001,1
6686,선조수정실록,선조수정실록: 부제학 노진이 누차 사직 상소를 올리다,https://sillok.history.go.kr/id/knb_10312001_006,1
6687,선조수정실록,"선조수정실록: 조식에게 식물을 주라 명하니, 조식이 사양의 상소를 올리다",https://sillok.history.go.kr/id/knb_10403001_004,1
6688,선조수정실록,선조수정실록: 이탁을 우의정으로 삼다,https://sillok.history.go.kr/id/knb_10405001_003,1
6689,선조수정실록,선조수정실록: 특별히 명하여 박순을 우찬성으로 삼다,https://sillok.history.go.kr/id/knb_10407001_002,1
6690,선조수정실록,선조수정실록: 경기에 호랑이의 피해가 많아 군사를 일으켜 사냥하게 하다,https://sillok.history.go.kr/id/knb_10408001_002,1
6691,선조수정실록,선조수정실록: 대신이 정전으로 복귀할 것을 아뢰다,https://sillok.history.go.kr/id/knb_10506001_002,1
6692,선조수정실록,선조수정실록: 이준경의 유소 중 붕당에 관한 것을 보고 놀라다,https://sillok.history.go.kr/id/knb_10507001_002,1
6693,선조수정실록,선조수정실록: 노수신을 이조 판서로 삼다,https://sillok.history.go.kr/id/knb_10507001_006,1
6694,선조수정실록,선조수정실록: 궁성 밑의 민가를 철거하다,https://sillok.history.go.kr/id/knb_10508001_002,1
6695,선조수정실록,선조수정실록: 박응남의 인품,https://sillok.history.go.kr/id/knb_10509001_002,1
6696,선조수정실록,선조수정실록: 이이를 사간으로 삼았으나 숙배하지 않다,https://sillok.history.go.kr/id/knb_10511001_004,1
6697,선조수정실록,선조수정실록: 이조에서 이지함·최영경 등을 천거하다,https://sillok.history.go.kr/id/knb_10605001_001,1
6698,선조수정실록,선조수정실록: 이이를 직제학으로 삼았으나 출사하지 않다,https://sillok.history.go.kr/id/knb_10607001_001,1
6699,선조수정실록,선조수정실록: 경연에서 이황의 문인 등에 관해 묻다,https://sillok.history.go.kr/id/knb_10609001_015,1
6700,선조수정실록,선조수정실록: 이이가 출신하지 못한 사람에게도 대간의 길을 허통시킬 것을 청하다,https://sillok.history.go.kr/id/knb_10611001_001,1
6701,선조수정실록,선조수정실록: 이이가 정성을 쌓아 훌륭한 임금이 되기를 아뢰다,https://sillok.history.go.kr/id/knb_10611001_005,1
6702,선조수정실록,선조수정실록: 비현각에 나아가 대신·대간·강관을 접견하다,https://sillok.history.go.kr/id/knb_10701001_005,1
6703,선조수정실록,선조수정실록: 경연에서 유희춘·이이·김우옹 등과 역대의 군주에 대해 논하다,https://sillok.history.go.kr/id/knb_10701001_009,1
6704,선조수정실록,선조수정실록: 성혼의 재주에 관해 이이에게 하문하다,https://sillok.history.go.kr/id/knb_10702001_006,1
6705,선조수정실록,선조수정실록: 성균관에서 나이 순서대로 앉는 법을 정하여 행하자 구신들이 좋아하지 않다,https://sillok.history.go.kr/id/knb_10702001_010,1
6706,선조수정실록,선조수정실록: 황랍 5백 근을 대내에 들이도록 의영고에 명하다,https://sillok.history.go.kr/id/knb_10703001_003,1
6707,선조수정실록,선조수정실록: 이이의 귀향을 허락하다,https://sillok.history.go.kr/id/knb_10703001_007,1
6708,선조수정실록,선조수정실록: 전 병마사 장필무의 졸기,https://sillok.history.go.kr/id/knb_10709001_001,1
6709,선조수정실록,선조수정실록: 이이를 황해도 관찰사로 삼다,https://sillok.history.go.kr/id/knb_10710001_002,1
6710,선조수정실록,선조수정실록: 김우옹이 홍범을 시강하고 근독 등에 대해 진계하다,https://sillok.history.go.kr/id/knb_10711001_001,1
6711,선조수정실록,선조수정실록: 박순의 천거에 따라 이후백을 형조 판서에 제수하다,https://sillok.history.go.kr/id/knb_10805011_002,1
6712,선조수정실록,선조수정실록: 홍문관이 차자를 올려 입지·진덕 등의 뜻을 논하다,https://sillok.history.go.kr/id/knb_10806001_002,1
6713,선조수정실록,선조수정실록: 낭관의 인재 추천에 관한 논의,https://sillok.history.go.kr/id/knb_10807001_006,1
6714,선조수정실록,선조수정실록: 정종영을 이조 판서로 삼았으나 끝내 병으로 면직하다,https://sillok.history.go.kr/id/knb_10807001_011,1
6715,선조수정실록,선조수정실록: 조강에 나아가 북방에 보낼 사람에 관해 논하다,https://sillok.history.go.kr/id/knb_10809001_003,1
6716,선조수정실록,선조수정실록: 경연에서 이이가 《대학연의》의 극기복례장을 진강하다,https://sillok.history.go.kr/id/knb_10810001_002,1
6717,선조수정실록,선조수정실록: 황해 도사 이원익을 정언으로 삼다,https://sillok.history.go.kr/id/knb_10901002_002,1
6718,선조수정실록,선조수정실록: 경연에 나아가 《육신전》에 관해 논하다,https://sillok.history.go.kr/id/knb_10906001_002,1
6719,선조수정실록,선조수정실록: 박충원을 이조 판서로 삼았으나 병을 핑계로 사면하다,https://sillok.history.go.kr/id/knb_10907001_003,1
6720,선조수정실록,선조수정실록: 전 공조 참의 이원록의 졸기,https://sillok.history.go.kr/id/knb_10910001_001,1
4970,숙종보궐정오,숙종보궐정오: 인화문에서 청 사신을 접견하다,https://sillok.history.go.kr/id/ksb_10008026_001,1
5845,숙종보궐정오,숙종보궐정오: 대사헌 허목이 새로 임명된 것을 배사하다,https://sillok.history.go.kr/id/ksb_10011029_001,1
4973,숙종보궐정오,숙종보궐정오: 이조 참판 이단하가 송시열의 일과 이우정의 피사에 대하여 상소하다,https://sillok.history.go.kr/id/ksb_10012018_001,1
5854,숙종보궐정오,숙종보궐정오: 행 대사성 남구만이 상소하여 사직을 청하고 임금의 덕을 논하다,https://sillok.history.go.kr/id/ksb_10101006_001,1
5858,숙종보궐정오,숙종보궐정오: 경기 진사 성호석이 소를 올려 송시열의 석방을 청하다,https://sillok.history.go.kr/id/ksb_10104010_001,1
5853,숙종보궐정오,숙종보궐정오: 김우명이 홍우원의 소에 상방을 논하였다하여 상방 제거를 사퇴하다,https://sillok.history.go.kr/id/ksb_10104020_001,1
5866,숙종보궐정오,숙종보궐정오: 윤휴를 우윤으로 삼다,https://sillok.history.go.kr/id/ksb_10104025_001,1
5862,숙종보궐정오,숙종보궐정오: 승지 심광수에게 이조 참판을 추증하다,https://sillok.history.go.kr/id/ksb_10201002_001,1
5861,숙종보궐정오,숙종보궐정오: 경상도 성주에 독용 산성이 이루어지다,https://sillok.history.go.kr/id/ksb_10201002_002,1
5837,숙종보궐정오,숙종보궐정오: 윤휴가 병거의 제조를 정지한 것으로 상소하자 비망을 내려 돈유하다,https://sillok.history.go.kr/id/ksb_10201006_001,1
5846,숙종보궐정오,숙종보궐정오: 우의정 허목이 차자를 올려 총관을 폐할 수 없음을 논하다,https://sillok.history.go.kr/id/ksb_10202007_001,1
4972,숙종보궐정오,숙종보궐정오: 강화부에 전죽이 영성하므로 내궁방의 전죽을 보내어 수보토록 하다,https://sillok.history.go.kr/id/ksb_10203002_001,1
5836,숙종보궐정오,숙종보궐정오: 헌부에서 김징의 직첩을 환급하도록 한 명령을 도로 거두기를 청하므로 불윤하다,https://sillok.history.go.kr/id/ksb_10203002_002,1
5864,숙종보궐정오,숙종보궐정오: 인재를 천거토록 하교하다,https://sillok.history.go.kr/id/ksb_10203007_001,1
5840,숙종보궐정오,숙종보궐정오: 영의정 허적이 이후평의 소로 인해 사직소를 올리다.,https://sillok.history.go.kr/id/ksb_10203011_001,1
5849,숙종보궐정오,숙종보궐정오: 헌부에서 해남 현감 이항을 세곡 부정으로 과죄할 것을 청하므로 윤허하다,https://sillok.history.go.kr/id/ksb_10206001_001,1
5851,숙종보궐정오,숙종보궐정오: 왜인의 글을 위조하여 전파시켰던 조송·조창한과 어수원 등이 풀려나다,https://sillok.history.go.kr/id/ksb_10206005_001,1
5844,숙종보궐정오,숙종보궐정오: 최명길과 김육을 묘정에 추배코자 허적과 상의하다,https://sillok.history.go.kr/id/ksb_10207008_001,1
5855,숙종보궐정오,숙종보궐정오: 윤휴를 배척하는 임금의 유지에 대해 탁남과 청남으로 갈리다,https://sillok.history.go.kr/id/ksb_10207012_001,1
5852,숙종보궐정오,숙종보궐정오: 정태화를 묘정에 배향하는 일로 대간들이 인피하고 배향이 중지되다,https://sillok.history.go.kr/id/ksb_10209011_001,1
5833,숙종보궐정오,숙종보궐정오: 병조 판서 김석주가 사직하기를 청했으나 윤허하지 않다,https://sillok.history.go.kr/id/ksb_10306003_001,1
5842,숙종보궐정오,숙종보궐정오: 고묘의 부당함에 대해 형조 판서 이지익이 상소하다,https://sillok.history.go.kr/id/ksb_10306016_001,1
5856,숙종보궐정오,숙종보궐정오: 임금이 병이 생겨 외척 김석주와 의관만을 입시하게 하다,https://sillok.history.go.kr/id/ksb_10402003_001,1
5859,숙종보궐정오,숙종보궐정오: 우의정 허목이 사직서를 올렸으나 윤허하지 않다,https://sillok.history.go.kr/id/ksb_10402029_001,1
5857,숙종보궐정오,숙종보궐정오: 판중추부사 민정중이 사직하기를 청했으나 윤허하지 않다,https://sillok.history.go.kr/id/ksb_10406012_001,1
5843,숙종보궐정오,숙종보궐정오: 지병이 다시 일어난 광주 목사 이민서를 체차하다,https://sillok.history.go.kr/id/ksb_10409013_001,1
5832,숙종보궐정오,숙종보궐정오: 민암·김덕원 등의 직임 환수에 관한 지평 이증의 상소,https://sillok.history.go.kr/id/ksb_10508002_001,1
5841,숙종보궐정오,숙종보궐정오: 정재숭·이정영 등의 직임 환수에 관한 이증의 상소,https://sillok.history.go.kr/id/ksb_10508020_001,1
4968,숙종보궐정오,숙종보궐정오: 정언 남후가 예조 참의 김만중의 체직을 청하다,https://sillok.history.go.kr/id/ksb_10512013_001,1
4974,숙종보궐정오,숙종보궐정오: 좌의정 민희가 이후정을 문례관의 직책에서 체직시킬 것을 건의하다,https://sillok.history.go.kr/id/ksb_10601019_001,1
4967,숙종보궐정오,"숙종보궐정오: 국청에서 유혁연에게 형신을 가하고, 강만송의 국문을 건의하다",https://sillok.history.go.kr/id/ksb_10604016_001,1
4969,숙종보궐정오,숙종보궐정오: 과거에 급제한 황윤이 청의 연호를 홍패에 쓰지 말아 줄 것을 건의하다,https://sillok.history.go.kr/id/ksb_10606008_001,1
4966,숙종보궐정오,숙종보궐정오: 영의정 김수항이 고 목사 홍계일의 첩의 딸을 강간한 전 감찰 이상익을 조사할 것을 건의하다,https://sillok.history.go.kr/id/ksb_10606013_001,1
5865,숙종보궐정오,숙종보궐정오: 이사명을 수찬으로 삼다,https://sillok.history.go.kr/id/ksb_10606024_001,1
4965,숙종보궐정오,숙종보궐정오: 전한 최석정이 신익상의 상소 내용 중 이사명의 일과 관련하여 아뢰다,https://sillok.history.go.kr/id/ksb_10608003_001,1
5847,숙종보궐정오,숙종보궐정오: 대사헌 정재숭이 조경의 일로 인피하니 위로하다,https://sillok.history.go.kr/id/ksb_10608008_001,1
5834,숙종보궐정오,숙종보궐정오: 병조 판서 김석주가 신범화의 억울함을 아뢰다,https://sillok.history.go.kr/id/ksb_10608017_001,1
4960,숙종보궐정오,숙종보궐정오: 오시수의 죄와 그 처벌에 관해 조지겸·송시열·정재희와 논의하다,https://sillok.history.go.kr/id/ksb_10610012_001,1
5848,숙종보궐정오,숙종보궐정오: 이단하를 특별히 형조 판서에 제수하다,https://sillok.history.go.kr/id/ksb_10611019_001,1
4961,숙종보궐정오,숙종보궐정오: 한구가 공신 추가 등록과 신종화 사건의 논계로 인해 사직을 청하나 허락지 않다,https://sillok.history.go.kr/id/ksb_10611026_001,1
5860,숙종보궐정오,숙종보궐정오: 사헌부에서 조종저를 탄핵하여 체직시키다,https://sillok.history.go.kr/id/ksb_10612017_001,1
5863,숙종보궐정오,숙종보궐정오: 이사명을 불러 사직하지 말라고 하다,https://sillok.history.go.kr/id/ksb_10701003_001,1
4963,숙종보궐정오,숙종보궐정오: 이사명의 일을 박동량·심기원·김자점의 가자와 비교하면서 홍만용·조지겸이 아뢰다,https://sillok.history.go.kr/id/ksb_10701011_001,1
5835,숙종보궐정오,숙종보궐정오: 소두산의 관직 이동에 관해 송광연·송시열과 논의하다,https://sillok.history.go.kr/id/ksb_10701018_001,1
4964,숙종보궐정오,"숙종보궐정오: 사헌부에서 임규의 사직 상소에 따른 심집의 추국을 청하였으나, 따르지 않다",https://sillok.history.go.kr/id/ksb_10703019_001,1
5839,숙종보궐정오,숙종보궐정오: 사헌부에서 이조 참의 박태상의 체차를 청하였으나 따르지 않다,https://sillok.history.go.kr/id/ksb_10703026_001,1
5850,숙종보궐정오,숙종보궐정오: 한재로 인해 소결을 시행하니 김수항 등이 심집의 관작 추복을 청하다,https://sillok.history.go.kr/id/ksb_10704011_001,1
5838,숙종보궐정오,"숙종보궐정오: 대사간 윤지완이 오시수의 일로 인피하니, 사피하지 말도록 하다",https://sillok.history.go.kr/id/ksb_10704021_001,1
4962,숙종보궐정오,숙종보궐정오: 행대사성 김만중이 오시수의 엄격한 처벌을 청하였으나 따르지 않다,https://sillok.history.go.kr/id/ksb_10705003_001,1
4971,숙종보궐정오,숙종보궐정오: 당상관 임용에 관해 겸 이조 판서 김석주와 좌의정 민정중이 아뢰다,https://sillok.history.go.kr/id/ksb_10705003_002,1
5021,순종실록부록,순종실록부록: 대일본 천황이 조서를 내리다,https://sillok.history.go.kr/id/kzc_10308029_001,1
5025,순종실록부록,순종실록부록: 통감부 자작 데라우치 마사타케의 포고문,https://sillok.history.go.kr/id/kzc_10308029_002,1
5973,순종실록부록,순종실록부록: 전 예식관 현백운을 보내어 대구에서 칙사를 맞이하게 하다,https://sillok.history.go.kr/id/kzc_10308030_001,1
5984,순종실록부록,순종실록부록: 이나바 마사나와가 천황의 조서와 하사품을 전달하다,https://sillok.history.go.kr/id/kzc_10309001_001,1
5988,순종실록부록,순종실록부록: 통감 관저에 알려 사례해 줄 것을 부탁하다,https://sillok.history.go.kr/id/kzc_10309001_002,1
5033,순종실록부록,순종실록부록: 탄신일이기 때문에 덕수궁을 알현하다,https://sillok.history.go.kr/id/kzc_10309008_001,1
6001,순종실록부록,순종실록부록: 자작 소네 아라스케가 죽다,https://sillok.history.go.kr/id/kzc_10309014_001,1
5995,순종실록부록,순종실록부록: 전 농상공부대신 조중응에게 돈을 주다,https://sillok.history.go.kr/id/kzc_10309015_001,1
5027,순종실록부록,"순종실록부록: 조선 총독부 관제 칙령, 중추원 칙령, 취조국 칙령 등을 공포하다",https://sillok.history.go.kr/id/kzc_10309030_001,1
5983,순종실록부록,"순종실록부록: 이재완, 이재각, 이해창 등에게 귀족의 칭호를 주다",https://sillok.history.go.kr/id/kzc_10310007_001,1
5971,순종실록부록,순종실록부록: 왕비가 용산 총독 관저에 가다,https://sillok.history.go.kr/id/kzc_10310008_001,1
5998,순종실록부록,순종실록부록: 이왕가 세비 50만원을 지출하다,https://sillok.history.go.kr/id/kzc_10310010_001,1
5987,순종실록부록,순종실록부록: 전 궁중 고문관 이윤용에게 위로금을 하사하다,https://sillok.history.go.kr/id/kzc_10310012_001,1
5993,순종실록부록,순종실록부록: 총독 자작 부처와 태왕 전하를 접견하다,https://sillok.history.go.kr/id/kzc_10310012_002,1
5023,순종실록부록,순종실록부록: 탄신일이기 때문에 조민희와 윤덕영을 동경 왕세자 별저에 보내다,https://sillok.history.go.kr/id/kzc_10310012_003,1
5020,순종실록부록,순종실록부록: 남작 윤용구에게 유시를 내리다,https://sillok.history.go.kr/id/kzc_10310014_001,1
5986,순종실록부록,순종실록부록: 동경에 출장가는 조민희와 유찬에게 돈을 주다,https://sillok.history.go.kr/id/kzc_10310014_002,1
5031,순종실록부록,순종실록부록: 왕비가 정무 총감의 부인에게 어배식을 내리다,https://sillok.history.go.kr/id/kzc_10310019_001,1
5974,순종실록부록,순종실록부록: 선정전에서 각도 장관의 알현을 받다,https://sillok.history.go.kr/id/kzc_10310020_001,1
5992,순종실록부록,순종실록부록: 귀족 동경 관광단에게 특별금을 하사하다,https://sillok.history.go.kr/id/kzc_10310022_001,1
5972,순종실록부록,순종실록부록: 뚝섬 원예 모범장을 관람하다,https://sillok.history.go.kr/id/kzc_10310026_001,1
5032,순종실록부록,순종실록부록: 덕수궁을 알현하고 경효전에 작헌례를 하다,https://sillok.history.go.kr/id/kzc_10310027_001,1
5024,순종실록부록,순종실록부록: 태왕 전하가 박영효에게 경효전에서 전작례를 거행하도록 명하다,https://sillok.history.go.kr/id/kzc_10310027_002,1
6002,순종실록부록,순종실록부록: 인정전에서 평양 여단장을 접견하다,https://sillok.history.go.kr/id/kzc_10310030_001,1
5980,순종실록부록,순종실록부록: 정무 총감의 부인과 전 차관의 부인이 덕수궁을 알현하다,https://sillok.history.go.kr/id/kzc_10311001_001,1
5981,순종실록부록,순종실록부록: 천장절이기 때문에 총독 관저에 가서 축하식에 참여하다,https://sillok.history.go.kr/id/kzc_10311003_001,1
5028,순종실록부록,순종실록부록: 비공식적인 경우에는 왕세자 전하를 창덕 전하라고 칭하다,https://sillok.history.go.kr/id/kzc_10311004_001,1
5985,순종실록부록,"순종실록부록: 정무 총감과 각 장관, 영국 대사 등을 접견하다",https://sillok.history.go.kr/id/kzc_10311009_001,1
5997,순종실록부록,순종실록부록: 정무 총감을 덕수궁에서 알현하다,https://sillok.history.go.kr/id/kzc_10311011_001,1
5999,순종실록부록,"순종실록부록: 이지용, 박제순 등을 알현하다",https://sillok.history.go.kr/id/kzc_10311017_001,1
5991,순종실록부록,순종실록부록: 동경에서 돌아온 관광단 일행을 접견하다,https://sillok.history.go.kr/id/kzc_10311018_001,1
5029,순종실록부록,"순종실록부록: 덕수궁을 알현하고 선원전, 경효전, 의효전을 참배하다",https://sillok.history.go.kr/id/kzc_10311021_001,1
5975,순종실록부록,순종실록부록: 본원사 관장 대곡광연이 양궁에 물품을 하사하다,https://sillok.history.go.kr/id/kzc_10311030_001,1
5982,순종실록부록,순종실록부록: 전 어원 사무국 부장 유한성의 초상에 돈을 하사하다,https://sillok.history.go.kr/id/kzc_10311030_002,1
5989,순종실록부록,순종실록부록: 치아를 치료하기 위해 의사 반종철이 오다,https://sillok.history.go.kr/id/kzc_10312007_001,1
6003,순종실록부록,순종실록부록: 지진이 있다,https://sillok.history.go.kr/id/kzc_10312016_001,1
5979,순종실록부록,순종실록부록: 조선에 작위가 있는 자의 대례복 제도를 비준하여 공포하다,https://sillok.history.go.kr/id/kzc_10312017_001,1
5034,순종실록부록,순종실록부록: 체증을 진료하러 전의가 덕수궁에 오다,https://sillok.history.go.kr/id/kzc_10312018_001,1
5996,순종실록부록,순종실록부록: 총독 데라우치 마사타케를 접견하다,https://sillok.history.go.kr/id/kzc_10312024_001,1
6000,순종실록부록,순종실록부록: 총독 자작이 양궁에 알현하다,https://sillok.history.go.kr/id/kzc_10312025_001,1
5977,순종실록부록,"순종실록부록: 총독 자작, 정무 총감, 군사령관 등에게 세밑 물품을 하사하다",https://sillok.history.go.kr/id/kzc_10312026_001,1
5978,순종실록부록,"순종실록부록: 세밑에 내리는 상으로 이희 공, 민병석 등에게 돈을 하사하다",https://sillok.history.go.kr/id/kzc_10312027_001,1
5026,순종실록부록,순종실록부록: 총독부의 통지문으로 육군 대장의 제복을 입고 그 관직에 대한 예우를 표시하다,https://sillok.history.go.kr/id/kzc_10312028_001,1
5030,순종실록부록,"순종실록부록: 덕수궁을 알현하고 선원전, 경효전을 참배하다",https://sillok.history.go.kr/id/kzc_10312028_002,1
5990,순종실록부록,순종실록부록: 정무 총감과 군사령관이 물품을 진헌하다,https://sillok.history.go.kr/id/kzc_10312028_003,1
5994,순종실록부록,순종실록부록: 정무 총감이 물품을 덕수궁에 진헌하다,https://sillok.history.go.kr/id/kzc_10312028_004,1
5976,순종실록부록,순종실록부록: 군사령관 오쿠보 하루노가 덕수궁에 물품을 진헌하다,https://sillok.history.go.kr/id/kzc_10312028_005,1
5022,순종실록부록,순종실록부록: 총독부의 통지로 왕세자의 제복이 육군 보병 중위의 정복으로 되다,https://sillok.history.go.kr/id/kzc_10312029_001,1
7025,순종실록부록,순종실록부록: 황실령은 전부 명치 44년 2월 1일부터 시행하다,https://sillok.history.go.kr/id/kzc_10312030_002,1
7026,순종실록부록,순종실록부록: 총독 자작과 각부 고급 관리 이상이 신년 축하를 올리다,https://sillok.history.go.kr/id/kzc_10401002_001,1
7027,순종실록부록,순종실록부록: 왕세자가 중등과 1학년에 입학하다,https://sillok.history.go.kr/id/kzc_10401009_002,1
7028,순종실록부록,순종실록부록: 이왕직 관제를 시행하다,https://sillok.history.go.kr/id/kzc_10402001_002,1
7029,순종실록부록,순종실록부록: 전 동궁 무장관 조동윤으로 하여금 동경에서 왕세자를 모시도록 하다,https://sillok.history.go.kr/id/kzc_10402002_001,1
7030,순종실록부록,순종실록부록: 한성 미술품 제작공장 보호금으로 1만원을 기부할 명령서를 내려 보내다,https://sillok.history.go.kr/id/kzc_10402018_002,1
7031,순종실록부록,순종실록부록: 내무부 장관의 요청으로 문묘의 춘계 석전에 제관을 사악하도록 하다,https://sillok.history.go.kr/id/kzc_10403001_001,1
7032,순종실록부록,순종실록부록: 창덕궁과 덕수궁에 병교와 순위를 파견하다,https://sillok.history.go.kr/id/kzc_10403009_001,1
7033,순종실록부록,순종실록부록: 옛 궁내부 소속 공정소 교사 청국인 황월정을 해고하고 퇴직 수당금을 지불하다,https://sillok.history.go.kr/id/kzc_10403019_001,1
7034,순종실록부록,순종실록부록: 박물관에 있는 금성석 1개를 동경 제국 대학에 기증하다,https://sillok.history.go.kr/id/kzc_10403024_002,1
7035,순종실록부록,순종실록부록: 식부관 후루야 히사쓰나를 흥복헌에서 접견하다,https://sillok.history.go.kr/id/kzc_10404005_001,1
7036,순종실록부록,"순종실록부록: 이태왕 분속과 이왕직 속, 왕세자 분속 등의 인원을 개정하다",https://sillok.history.go.kr/id/kzc_10405008_003,1
7037,순종실록부록,순종실록부록: 이왕직의 고용원의 급여기준을 개정하다,https://sillok.history.go.kr/id/kzc_10405017_003,1
7038,순종실록부록,순종실록부록: 민병석을 총독 관저에 보내어 지구절을 축하하도록 하다,https://sillok.history.go.kr/id/kzc_10405027_002,1
7039,순종실록부록,순종실록부록: 전 규장각 소관 도서 일체를 취조국에 인계하다,https://sillok.history.go.kr/id/kzc_10406019_002,1
7040,순종실록부록,"순종실록부록: 완왕궁의 제향비와 궁묘의 경비, 용원의 소속을 정하다",https://sillok.history.go.kr/id/kzc_10406026_002,1
7041,순종실록부록,순종실록부록: 영국인 신학 박사 게일이 한영 사전 1부를 진헌하자 은 꽃병을 하사하다,https://sillok.history.go.kr/id/kzc_10407005_004,1
7042,순종실록부록,"순종실록부록: 민병석, 박제순, 박영효, 김종한 등으로 하여금 장례의 절차를 거들게 하다",https://sillok.history.go.kr/id/kzc_10407020_006,1
7043,순종실록부록,"순종실록부록: 민병석이 귀비의 시호, 궁호, 원호 등을 정하여 아뢰다",https://sillok.history.go.kr/id/kzc_10407027_001,1
7044,순종실록부록,순종실록부록: 전 총독부 농상공부 장관 기노우치 주시로에게 은 꽃병을 하사하다,https://sillok.history.go.kr/id/kzc_10407031_002,1
7045,순종실록부록,순종실록부록: 태왕 전하와 왕세자가 영성문에 나가 귀비의 상여에 곡을 하다,https://sillok.history.go.kr/id/kzc_10408002_003,1
7046,순종실록부록,순종실록부록: 각도의 소학교 교감에게 비원과 창경원을 관람시키다,https://sillok.history.go.kr/id/kzc_10408011_001,1
7047,순종실록부록,순종실록부록: 조희연에게 특별금을 주어 그의 채무를 청산하도록 하다,https://sillok.history.go.kr/id/kzc_10408021_001,1
7048,순종실록부록,순종실록부록: 태왕 전하가 왕세자가 육군 중앙 유년 학교의 2학년에 편입한 것을 축하하는 전보를 보내다,https://sillok.history.go.kr/id/kzc_10408026_002,1
7049,순종실록부록,순종실록부록: 윤덕영을 보내어 왕세자가 유년 학교에 입학할 때 천황이 물품을 하사한 것에 대한 고마움을 표하다,https://sillok.history.go.kr/id/kzc_10409002_001,1
7050,순종실록부록,순종실록부록: 고희경에게 소네 아라스케의 1주년 제사에 참여하도록 명하다,https://sillok.history.go.kr/id/kzc_10409009_002,1
7051,순종실록부록,"순종실록부록: 니나가와 아라타, 무라카미 유키치, 함남의 도청 직원을 보내어 함흥, 영흥, 덕원 지역에 있는 능을 조사하고 전궁 비각을 세울 때 입회하도록 명하다",https://sillok.history.go.kr/id/kzc_10409019_002,1
7052,순종실록부록,순종실록부록: 천황이 왕세자 저택에 궁내 식부관을 보내어 토산물을 받아들이고 대신 양복 등을 하사하다,https://sillok.history.go.kr/id/kzc_10410021_001,1
7053,순종실록부록,순종실록부록: 윤덕영과 김춘희를 보내어 총독 백작 데라우치 마사타케가 동경에 가는 것을 전송하게 하다,https://sillok.history.go.kr/id/kzc_10411009_001,1
7054,순종실록부록,순종실록부록: 재천무언을 보내어 충청 남북도에 있는 태실을 묻은 산의 부속지를 조사하여 경계를 정하도록 하다,https://sillok.history.go.kr/id/kzc_10411012_002,1
7055,순종실록부록,순종실록부록: 훈3등 이항구가 이왕직 사무관으로 임명되다,https://sillok.history.go.kr/id/kzc_10411017_001,1
7056,순종실록부록,순종실록부록: 이왕직에서 연말에 공족 및 귀족들에게 현금 또는 물품을 하사해 주기 위해 내전의 임시비용을 예비금 중에서 증액시키다,https://sillok.history.go.kr/id/kzc_10411028_002,1
7057,순종실록부록,"순종실록부록: 경기도 각 군에 있는 능, 묘 등의 경계를 정하는 일로 출장갔던 유마수일을 소환하다",https://sillok.history.go.kr/id/kzc_10412014_001,1
7058,순종실록부록,"순종실록부록: 총독 백작, 정무 총감, 군사령관에게 세밑선물을 주다",https://sillok.history.go.kr/id/kzc_10412020_001,1
7059,순종실록부록,순종실록부록: 인정전에서 총독 백작과 정무 총감 및 고등관을 전견하다,https://sillok.history.go.kr/id/kzc_10501002_001,1
7060,순종실록부록,"순종실록부록: 신년 연회로 총독 백작, 정무 총감, 군사령관 등을 인정전에서 접견하다",https://sillok.history.go.kr/id/kzc_10501009_001,1
7061,순종실록부록,순종실록부록: 해임되어 귀국하는 군사령관 우에다 아리사와를 선정전에서 접견하다,https://sillok.history.go.kr/id/kzc_10502026_001,1
7062,순종실록부록,"순종실록부록: 총독 백작, 신구 군사령관, 참모장, 경무 총장, 총독부 의원장, 외사 국장, 비서관등을 선정전에서 접견하고 오찬을 베풀다",https://sillok.history.go.kr/id/kzc_10503003_002,1
7063,순종실록부록,순종실록부록: 윤덕영과 김춘희를 용산역에 보내어 전 군사령관 우에다 아리사와이 동경으로 귀향하는 것을 전송하다,https://sillok.history.go.kr/id/kzc_10503006_001,1
7064,순종실록부록,"순종실록부록: 종척과 이왕직 장관, 차관, 찬시 부무관들을 대조전에서 접견하고 귀족 중추원 고문, 찬의 등을 선정전에서 접견하다",https://sillok.history.go.kr/id/kzc_10503025_001,1
7065,순종실록부록,"순종실록부록: 비원 식물원 본관에 왕림하여 내무부 장관, 복심 법원 검사장, 윤택영, 민병석 등을 접견하다",https://sillok.history.go.kr/id/kzc_10504004_001,1
7066,순종실록부록,순종실록부록: 조선 총독부 특별회계의 세출 경상 부분에서 이왕직 세비를 총독부 회계과장에게 위임한다는 뜻의 총독부 통지를 접하다,https://sillok.history.go.kr/id/kzc_10504010_001,1
7067,순종실록부록,순종실록부록: 태왕 전하가 서상선을 총독부 의원에 보내어 이준용의 병의 상황을 위문하도록 명하다,https://sillok.history.go.kr/id/kzc_10504018_001,1
7068,순종실록부록,순종실록부록: 천황이 산내를 동경 별저 왕세자에 보내어 학업에 힘쓸 것을 칙유하다,https://sillok.history.go.kr/id/kzc_10504028_001,1
7069,순종실록부록,순종실록부록: 덕수궁과 경선궁의 면적을 조선 총독부에 양여하다,https://sillok.history.go.kr/id/kzc_10505006_001,1
7070,순종실록부록,순종실록부록: 윤덕영과 김춘희를 총독부에 보내어 지구절 축하를 아뢰어 주도록 부탁하다,https://sillok.history.go.kr/id/kzc_10505028_001,1
7071,순종실록부록,순종실록부록: 궁내성 종질료 주사 고미 긴페이과 총독부 통역관 후지나미 요시쓰라이 두 궁을 알현하다,https://sillok.history.go.kr/id/kzc_10506004_001,1
7072,순종실록부록,"순종실록부록: 총독 백작과 해군 소장, 육군 중좌, 육군 대위가 두 궁을 알현하다",https://sillok.history.go.kr/id/kzc_10506019_001,1
7073,순종실록부록,순종실록부록: 태왕 전하가 왕세자에게 전보로 덕안궁의 연제를 알리고 학업에 부지런히 할 것을 타이르다,https://sillok.history.go.kr/id/kzc_10506025_002,1
7074,순종실록부록,순종실록부록: 왕세자가 휴양차 미시마에 있는 동안 천황이 위독하다는 보고를 받고 동경으로 돌아와 천황을 접견하다,https://sillok.history.go.kr/id/kzc_10507022_001,1
7075,순종실록부록,순종실록부록: 조서를 내려 대정으로 간지를 정할 것을 명하다,https://sillok.history.go.kr/id/kzc_10507030_002,1
7076,순종실록부록,순종실록부록: 왕세자가 전보로 조견식에 참여할 뜻을 품달하다,https://sillok.history.go.kr/id/kzc_10507031_002,1
5225,현종개수실록,현종개수실록: 효종 대왕이 창덕궁의 대조전에서 승하하다,https://sillok.history.go.kr/id/krb_10005004_001,1
5234,현종개수실록,현종개수실록: 세자가 염습을 명하다,https://sillok.history.go.kr/id/krb_10005004_002,1
6469,현종개수실록,현종개수실록: 어의 신가귀·유후성·조징규 등 6인을 금부에 하옥하다,https://sillok.history.go.kr/id/krb_10005004_003,1
6484,현종개수실록,현종개수실록: 예조 낭관의 위곡에 관해 건의하다,https://sillok.history.go.kr/id/krb_10005004_004,1
5230,현종개수실록,현종개수실록: 이구·오이공·이윤 등에게 관직을 제수하다,https://sillok.history.go.kr/id/krb_10005004_005,1
5229,현종개수실록,현종개수실록: 이시방·윤강·이일상·이경휘·홍처윤 등에게 관직을 제수하다,https://sillok.history.go.kr/id/krb_10005004_006,1
5227,현종개수실록,현종개수실록: 정원이 순장 감군으로 번을 드는 것과 군호의 일을 대신에게 품의하다,https://sillok.history.go.kr/id/krb_10005004_007,1
6461,현종개수실록,현종개수실록: 반함례 섭행 주체 의론에 대한 예조의 답변,https://sillok.history.go.kr/id/krb_10005004_008,1
6477,현종개수실록,현종개수실록: 초경에 습례를 행하다,https://sillok.history.go.kr/id/krb_10005004_009,1
6492,현종개수실록,현종개수실록: 정태화를 원상으로 삼다,https://sillok.history.go.kr/id/krb_10005004_010,1
6463,현종개수실록,현종개수실록: 왕자와 부마가 내반원에 유숙하도록 명하다,https://sillok.history.go.kr/id/krb_10005004_011,1
6493,현종개수실록,현종개수실록: 저녁에 큰비가 내리다,https://sillok.history.go.kr/id/krb_10005004_012,1
6486,현종개수실록,현종개수실록: 예조가 주다례를 설정하다,https://sillok.history.go.kr/id/krb_10005005_001,1
6466,현종개수실록,현종개수실록: 복제를 고치는 것에 관한 여러 의견,https://sillok.history.go.kr/id/krb_10005005_002,1
5236,현종개수실록,현종개수실록: 교리 김만기가 그릇된 상복 제도를 고칠 것을 상서하다,https://sillok.history.go.kr/id/krb_10005005_003,1
6462,현종개수실록,현종개수실록: 자의 왕대비의 복제에 관한 여러 대신들의 의논,https://sillok.history.go.kr/id/krb_10005005_004,1
5233,현종개수실록,현종개수실록: 예조에서 세자가 대통을 계승할 때에 고유제를 행할 것을 청하다,https://sillok.history.go.kr/id/krb_10005005_005,1
6468,현종개수실록,현종개수실록: 대신이 입시한 가운데 염하다,https://sillok.history.go.kr/id/krb_10005006_001,1
5226,현종개수실록,현종개수실록: 양사가 신료 복제를 바로잡을 것을 건의하다,https://sillok.history.go.kr/id/krb_10005006_002,1
5235,현종개수실록,현종개수실록: 재궁의 척수가 부족하여 다시 재궁을 조성할 것을 명하다,https://sillok.history.go.kr/id/krb_10005006_003,1
6460,현종개수실록,현종개수실록: 예조가 즉위할 날짜와 시각을 택하여 아뢰다,https://sillok.history.go.kr/id/krb_10005006_004,1
6474,현종개수실록,현종개수실록: 왕자가 정리를 억제하면서 통서를 계승하는 예를 거행할 수 없다 하다,https://sillok.history.go.kr/id/krb_10005007_001,1
6467,현종개수실록,현종개수실록: 새로 만든 재궁을 봉심하다,https://sillok.history.go.kr/id/krb_10005007_002,1
6489,현종개수실록,현종개수실록: 새 재궁이 완성되어 재궁 내부에 세 차례 칠을 하다,https://sillok.history.go.kr/id/krb_10005007_003,1
6479,현종개수실록,현종개수실록: 삼사에서 재차 사위(嗣位)의 간청을 폈으나 따르지 않다,https://sillok.history.go.kr/id/krb_10005007_004,1
5232,현종개수실록,현종개수실록: 관학 유생 남이성 등이 상복의 잘못된 점을 바로잡을 것을 청하다,https://sillok.history.go.kr/id/krb_10005008_001,1
6470,현종개수실록,현종개수실록: 대신과 백관들이 재차 사위(嗣位)를 청하다,https://sillok.history.go.kr/id/krb_10005008_002,1
6464,현종개수실록,현종개수실록: 대행의 시상을 선정전으로 옮겨 대렴하다,https://sillok.history.go.kr/id/krb_10005008_003,1
6465,현종개수실록,현종개수실록: 세자가 사위(嗣位)의 청을 받아들이다,https://sillok.history.go.kr/id/krb_10005008_004,1
6487,현종개수실록,현종개수실록: 세자가 선정전 서쪽 계단 밑 여막에 있었다,https://sillok.history.go.kr/id/krb_10005008_005,1
6491,현종개수실록,현종개수실록: 진시에 의식대로 성복하다,https://sillok.history.go.kr/id/krb_10005009_001,1
5224,현종개수실록,현종개수실록: 왕세자가 사위(嗣位)하다,https://sillok.history.go.kr/id/krb_10005009_002,1
6481,현종개수실록,현종개수실록: 관상감에서 좋은 산 열두 곳을 간심할 것을 계청하다,https://sillok.history.go.kr/id/krb_10005009_003,1
6475,현종개수실록,현종개수실록: 병조에서 궁성의 호위를 철거할 것과 봉황성에 부고할 것을 계청하다,https://sillok.history.go.kr/id/krb_10005009_004,1
6480,현종개수실록,현종개수실록: 정원이 원상을 파출할 것을 계청하였으나 유임을 명하다,https://sillok.history.go.kr/id/krb_10005009_005,1
5223,현종개수실록,현종개수실록: 양사가 입진한 의원들을 처벌할 것을 청하다,https://sillok.history.go.kr/id/krb_10005009_006,1
6476,현종개수실록,현종개수실록: 원상 정태화가 좌상 심지원과 함께 원상의 일을 행할 것을 청하다,https://sillok.history.go.kr/id/krb_10005010_001,1
6471,현종개수실록,현종개수실록: 어압(御押)을 입(立)자로 정하다,https://sillok.history.go.kr/id/krb_10005010_003,1
5228,현종개수실록,현종개수실록: 이경석·조경·채유후·윤순지·이일상 등에게 관직을 제수하다,https://sillok.history.go.kr/id/krb_10005011_001,1
6482,현종개수실록,현종개수실록: 대행 대왕의 시호·묘호·전호·능호를 정하다,https://sillok.history.go.kr/id/krb_10005011_002,1
6488,현종개수실록,현종개수실록: 재궁에 칠을 하다,https://sillok.history.go.kr/id/krb_10005012_001,1
5222,현종개수실록,현종개수실록: 여러 도의 어사에게 반드시 일을 마친 후 빈전에 복명하게 하다,https://sillok.history.go.kr/id/krb_10005012_002,1
6473,현종개수실록,현종개수실록: 김경을 탄핵할 것을 청했던 관원들이 실정을 알지 못했다는 이유로 인피하다,https://sillok.history.go.kr/id/krb_10005013_001,1
6485,현종개수실록,현종개수실록: 강유후·김수흥이 들어오다,https://sillok.history.go.kr/id/krb_10005013_002,1
6478,현종개수실록,현종개수실록: 강유후가 어사로서 빨리 돌아온 실책을 들어 체직을 청하다,https://sillok.history.go.kr/id/krb_10005014_001,1
6490,현종개수실록,현종개수실록: 경상 우도 어사 민유중이 들어오다,https://sillok.history.go.kr/id/krb_10005014_002,1
6483,현종개수실록,현종개수실록: 판중추부사 정유성을 고부 정사로 차임하다,https://sillok.history.go.kr/id/krb_10005014_003,1
6472,현종개수실록,현종개수실록: 채유후를 지춘추로 삼다,https://sillok.history.go.kr/id/krb_10005016_001,1
5231,현종개수실록,"현종개수실록: 총호사가 산릉의 취사 결정 시에 윤선도, 이원진을 함께 대동하기를 청하다",https://sillok.history.go.kr/id/krb_10005016_002,1
